date,co,no,no2,o3,so2,pm2_5,pm10,nh3,hour,day,dow,si_pm2_5,si_pm10,si_no2,si_so2,si_nh3,si_o3,si_co,aqi_hourly,dominant_pollutant_hourly,category_hourly
2023-01-01 00:00:00,1655.58,1.66,39.41,5.9,17.88,169.29,194.64,5.83,0,2023-01-01,Sunday,337.9,163.1,49.3,22.3,1.5,5.9,82.8,337.9,pm2_5,Very Poor
2023-01-01 01:00:00,1869.2,6.82,42.16,1.99,22.17,182.84,211.08,7.66,1,2023-01-01,Sunday,348.3,174.1,52.7,27.7,1.9,2.0,93.5,348.3,pm2_5,Very Poor
2023-01-01 02:00:00,2510.07,27.72,43.87,0.02,30.04,220.25,260.68,11.4,2,2023-01-01,Sunday,377.1,210.7,54.8,37.5,2.9,0.0,106.4,377.1,pm2_5,Very Poor
2023-01-01 03:00:00,3150.94,55.43,44.55,0.85,35.76,252.9,304.12,13.55,3,2023-01-01,Sunday,401.2,254.1,55.7,44.7,3.4,0.8,114.4,401.2,pm2_5,Severe
2023-01-01 04:00:00,3471.37,68.84,45.24,5.45,39.1,266.36,322.8,14.19,4,2023-01-01,Sunday,406.5,272.8,56.6,48.9,3.5,5.5,118.4,406.5,pm2_5,Severe
2023-01-01 05:00:00,3578.19,64.37,55.52,14.13,44.35,276.54,336.79,16.21,5,2023-01-01,Sunday,410.6,286.8,69.4,55.4,4.1,14.1,119.7,410.6,pm2_5,Severe
2023-01-01 06:00:00,3578.19,46.94,76.09,33.26,50.54,295.4,357.07,19.25,6,2023-01-01,Sunday,418.2,308.8,95.1,63.2,4.8,33.3,119.7,418.2,pm2_5,Severe
2023-01-01 07:00:00,1468.66,9.83,47.3,105.86,68.66,158.83,182.61,7.09,7,2023-01-01,Sunday,329.9,155.1,59.1,85.8,1.8,108.6,73.4,329.9,pm2_5,Very Poor
2023-01-01 08:00:00,1161.58,5.81,35.99,125.89,61.99,134.39,153.47,5.51,8,2023-01-01,Sunday,311.1,135.6,45.0,77.5,1.4,138.1,58.1,311.1,pm2_5,Very Poor
2023-01-01 09:00:00,1161.58,4.58,36.33,134.47,65.8,133.22,152.09,6.02,9,2023-01-01,Sunday,310.2,134.7,45.4,82.2,1.5,150.7,58.1,310.2,pm2_5,Very Poor
2023-01-01 10:00:00,2376.56,14.98,80.88,70.1,64.85,197.11,235.99,19.76,10,2023-01-01,Sunday,359.3,190.7,100.9,81.1,4.9,70.1,104.7,359.3,pm2_5,Very Poor
2023-01-01 11:00:00,4325.87,54.09,119.27,12.34,66.76,298.82,366.6,34.96,11,2023-01-01,Sunday,419.5,320.8,139.3,83.5,8.7,12.3,129.1,419.5,pm2_5,Severe
2023-01-01 12:00:00,6141.66,123.38,127.49,0.72,78.2,385.41,474.7,47.62,12,2023-01-01,Sunday,454.2,426.3,147.5,97.8,11.9,0.7,151.8,454.2,pm2_5,Severe
2023-01-01 13:00:00,8010.86,189.54,137.09,0.0,109.67,493.18,603.98,71.94,13,2023-01-01,Sunday,497.3,502.3,157.1,109.9,18.0,0.0,175.1,502.3,pm10,Severe
2023-01-01 14:00:00,9506.23,225.31,142.57,0.0,141.14,608.62,742.76,96.26,14,2023-01-01,Sunday,543.4,584.0,162.6,120.4,24.1,0.0,193.8,584.0,pm10,Severe
2023-01-01 15:00:00,10253.91,228.88,143.95,0.0,156.4,689.94,840.91,110.45,15,2023-01-01,Sunday,576.0,641.7,163.9,125.5,27.6,0.0,203.6,641.7,pm10,Severe
2023-01-01 16:00:00,10574.34,228.88,146.69,0.0,177.38,743.91,904.27,125.65,16,2023-01-01,Sunday,597.6,679.0,166.7,132.5,31.4,0.0,208.2,679.0,pm10,Severe
2023-01-01 17:00:00,11322.02,236.03,152.17,0.0,205.99,811.4,981.17,147.94,17,2023-01-01,Sunday,624.6,724.2,172.2,142.0,37.0,0.0,218.9,724.2,pm10,Severe
2023-01-01 18:00:00,11535.64,236.03,149.43,0.0,215.53,834.55,1006.18,156.04,18,2023-01-01,Sunday,633.8,738.9,169.4,145.2,39.0,0.0,221.9,738.9,pm10,Severe
2023-01-01 19:00:00,10894.78,221.73,139.83,0.0,202.18,791.61,952.0,147.94,19,2023-01-01,Sunday,616.6,707.1,159.8,140.7,37.0,0.0,212.8,707.1,pm10,Severe
2023-01-01 20:00:00,10147.09,202.06,130.24,0.0,202.18,758.44,911.29,151.99,20,2023-01-01,Sunday,603.4,683.1,150.2,140.7,38.0,0.0,202.1,683.1,pm10,Severe
2023-01-01 21:00:00,9185.79,177.03,120.64,0.0,196.46,722.3,867.55,154.02,21,2023-01-01,Sunday,588.9,657.4,140.6,138.8,38.5,0.0,189.8,657.4,pm10,Severe
2023-01-01 22:00:00,7797.24,144.84,100.08,0.0,127.79,646.22,778.21,102.34,22,2023-01-01,Sunday,558.5,604.8,120.1,115.9,25.6,0.0,172.5,604.8,pm10,Severe
2023-01-01 23:00:00,6622.31,121.59,80.88,0.0,73.43,583.03,700.01,50.16,23,2023-01-01,Sunday,533.2,558.8,100.9,91.8,12.5,0.0,157.8,558.8,pm10,Severe
2023-01-02 00:00:00,6301.88,121.59,68.55,0.0,55.31,577.03,682.86,28.12,0,2023-01-02,Monday,530.8,548.7,85.7,69.1,7.0,0.0,153.8,548.7,pm10,Severe
2023-01-02 01:00:00,7049.56,146.63,62.38,0.0,54.84,643.62,752.31,24.57,1,2023-01-02,Monday,557.4,589.6,78.0,68.6,6.1,0.0,163.1,589.6,pm10,Severe
2023-01-02 02:00:00,9292.6,221.73,62.38,0.0,63.9,807.13,944.78,28.63,2,2023-01-02,Monday,622.9,702.8,78.0,79.9,7.2,0.0,191.2,702.8,pm10,Severe
2023-01-02 03:00:00,11428.83,311.14,68.55,0.16,66.76,940.49,1100.6,26.09,3,2023-01-02,Monday,676.2,794.5,85.7,83.5,6.5,0.2,220.4,794.5,pm10,Severe
2023-01-02 04:00:00,9506.23,253.92,82.25,1.97,74.39,786.89,919.22,22.55,4,2023-01-02,Monday,614.8,687.8,102.2,93.0,5.6,2.0,193.8,687.8,pm10,Severe
2023-01-02 05:00:00,9613.04,232.46,116.53,6.71,81.06,802.84,939.02,26.35,5,2023-01-02,Monday,621.1,699.4,136.5,100.4,6.6,6.7,195.2,699.4,pm10,Severe
2023-01-02 06:00:00,10147.09,171.66,202.89,22.35,95.37,887.45,1025.58,33.44,6,2023-01-02,Monday,655.0,750.3,222.9,105.1,8.4,22.4,202.1,750.3,pm10,Severe
2023-01-02 07:00:00,2456.67,27.49,105.56,78.68,177.38,303.33,342.39,7.16,7,2023-01-02,Monday,421.3,292.4,125.6,132.5,1.8,78.7,105.7,421.3,pm2_5,Severe
2023-01-02 08:00:00,1842.5,14.31,82.25,107.29,141.14,237.73,269.52,5.26,8,2023-01-02,Monday,390.6,219.5,102.2,120.4,1.3,110.7,92.1,390.6,pm2_5,Very Poor
2023-01-02 09:00:00,1895.9,10.51,84.31,123.02,146.87,253.57,287.63,5.38,9,2023-01-02,Monday,401.4,237.6,104.3,122.3,1.3,133.9,94.8,401.4,pm2_5,Severe
2023-01-02 10:00:00,3631.59,27.72,131.61,57.94,129.7,368.12,431.92,25.59,10,2023-01-02,Monday,447.2,401.1,151.6,116.6,6.4,57.9,120.4,447.2,pm2_5,Severe
2023-01-02 11:00:00,6355.29,93.88,160.4,8.76,118.26,537.38,644.87,52.18,11,2023-01-02,Monday,515.0,526.4,180.4,112.8,13.0,8.8,154.4,526.4,pm10,Severe
2023-01-02 12:00:00,9078.98,196.7,165.88,0.57,152.59,688.83,835.43,86.13,12,2023-01-02,Monday,575.5,638.5,185.9,124.2,21.5,0.6,188.5,638.5,pm10,Severe
2023-01-02 13:00:00,11428.83,271.8,175.48,0.0,207.9,838.72,1020.61,133.75,13,2023-01-02,Monday,635.5,747.4,195.5,142.6,33.4,0.0,220.4,747.4,pm10,Severe
2023-01-02 14:00:00,12283.33,268.22,172.73,0.0,234.6,947.07,1158.61,164.15,14,2023-01-02,Monday,678.8,828.6,192.7,151.5,41.0,0.0,232.6,828.6,pm10,Severe
2023-01-02 15:00:00,11962.89,227.09,159.03,0.0,219.35,984.28,1208.75,160.1,15,2023-01-02,Monday,693.7,858.1,179.0,146.4,40.0,0.0,228.0,858.1,pm10,Severe
2023-01-02 16:00:00,11001.59,180.6,142.57,0.0,173.57,980.05,1200.7,122.61,16,2023-01-02,Monday,692.0,853.4,162.6,131.2,30.7,0.0,214.3,853.4,pm10,Severe
2023-01-02 17:00:00,10360.72,150.2,126.12,0.0,133.51,967.81,1180.92,87.14,17,2023-01-02,Monday,687.1,841.7,146.1,117.8,21.8,0.0,205.2,841.7,pm10,Severe
2023-01-02 18:00:00,9078.98,125.17,109.67,0.0,91.55,891.85,1086.25,51.68,18,2023-01-02,Monday,656.7,786.0,129.7,103.8,12.9,0.0,188.5,786.0,pm10,Severe
2023-01-02 19:00:00,7370.0,99.24,93.22,0.0,54.36,775.74,934.68,22.8,19,2023-01-02,Monday,610.3,696.9,113.2,68.0,5.7,0.0,167.1,696.9,pm10,Severe
2023-01-02 20:00:00,6088.26,76.0,80.2,0.0,42.44,695.45,826.41,15.07,20,2023-01-02,Monday,578.2,633.2,100.2,53.0,3.8,0.0,151.1,633.2,pm10,Severe
2023-01-02 21:00:00,5180.36,55.88,69.92,0.0,39.58,637.53,746.12,13.81,21,2023-01-02,Monday,555.0,586.0,87.4,49.5,3.5,0.0,139.8,586.0,pm10,Severe
2023-01-02 22:00:00,4699.71,44.7,63.06,0.0,41.48,602.85,697.48,15.33,22,2023-01-02,Monday,541.1,557.3,78.8,51.8,3.8,0.0,133.7,557.3,pm10,Severe
2023-01-02 23:00:00,4592.9,44.26,58.95,0.0,48.64,598.74,686.91,20.27,23,2023-01-02,Monday,539.5,551.1,73.7,60.8,5.1,0.0,132.4,551.1,pm10,Severe
2023-01-03 00:00:00,4806.52,52.75,56.89,0.0,61.99,611.98,699.29,28.88,0,2023-01-03,Tuesday,544.8,558.4,71.1,77.5,7.2,0.0,135.1,558.4,pm10,Severe
2023-01-03 01:00:00,5607.6,78.68,56.89,0.0,81.06,666.55,760.43,44.08,1,2023-01-03,Tuesday,566.6,594.4,71.1,100.4,11.0,0.0,145.1,594.4,pm10,Severe
2023-01-03 02:00:00,7904.05,151.99,61.69,0.0,90.6,813.7,932.78,52.18,2,2023-01-03,Tuesday,625.5,695.8,77.1,103.5,13.0,0.0,173.8,695.8,pm10,Severe
2023-01-03 03:00:00,10253.91,239.61,73.34,0.03,82.97,940.67,1054.16,41.54,3,2023-01-03,Tuesday,676.3,767.2,91.7,101.0,10.4,0.0,203.6,767.2,pm10,Severe
2023-01-03 04:00:00,6568.91,128.75,100.08,1.03,82.97,644.99,710.12,23.81,4,2023-01-03,Tuesday,558.0,564.8,120.1,101.0,6.0,1.0,157.1,564.8,pm10,Severe
2023-01-03 05:00:00,6355.29,109.97,100.08,5.99,88.69,614.36,684.18,24.07,5,2023-01-03,Tuesday,545.7,549.5,120.1,102.9,6.0,6.0,154.4,549.5,pm10,Severe
2023-01-03 06:00:00,6248.47,80.47,122.01,22.71,94.41,612.99,688.4,23.05,6,2023-01-03,Tuesday,545.2,552.0,142.0,104.8,5.8,22.7,153.1,552.0,pm10,Severe
2023-01-03 07:00:00,2429.96,21.23,76.77,87.26,127.79,279.92,313.3,6.14,7,2023-01-03,Tuesday,412.0,263.3,96.0,115.9,1.5,87.3,105.4,412.0,pm2_5,Severe
2023-01-03 08:00:00,1628.88,9.61,52.78,121.59,88.69,199.93,225.6,5.95,8,2023-01-03,Tuesday,361.5,183.7,66.0,102.9,1.5,131.8,81.4,361.5,pm2_5,Very Poor
2023-01-03 09:00:00,1415.25,6.26,46.61,138.76,77.25,182.79,206.4,7.03,9,2023-01-03,Tuesday,348.3,170.9,58.3,96.6,1.8,157.0,70.8,348.3,pm2_5,Very Poor
2023-01-03 10:00:00,1735.69,7.04,60.32,115.87,69.62,195.47,225.43,13.3,10,2023-01-03,Tuesday,358.1,183.6,75.4,87.0,3.3,123.3,86.8,358.1,pm2_5,Very Poor
2023-01-03 11:00:00,2456.67,9.28,91.85,65.09,62.94,229.65,271.57,21.53,11,2023-01-03,Tuesday,384.3,221.6,111.8,78.7,5.4,65.1,105.7,384.3,pm2_5,Very Poor
2023-01-03 12:00:00,3177.64,12.52,126.12,12.52,57.7,264.02,315.37,26.35,12,2023-01-03,Tuesday,405.6,265.4,146.1,72.1,6.6,12.5,114.7,405.6,pm2_5,Severe
2023-01-03 13:00:00,3738.4,25.7,124.75,0.06,55.31,307.17,367.04,27.36,13,2023-01-03,Tuesday,422.9,321.3,144.8,69.1,6.8,0.1,121.7,422.9,pm2_5,Severe
2023-01-03 14:00:00,3738.4,16.99,115.16,0.51,51.02,342.41,406.96,24.07,14,2023-01-03,Tuesday,437.0,371.2,135.2,63.8,6.0,0.5,121.7,437.0,pm2_5,Severe
2023-01-03 15:00:00,3337.86,2.32,97.33,13.05,43.87,346.06,406.28,17.73,15,2023-01-03,Tuesday,438.4,370.3,117.3,54.8,4.4,13.1,116.7,438.4,pm2_5,Severe
2023-01-03 16:00:00,2857.21,0.03,71.97,36.84,38.15,321.7,373.76,13.17,16,2023-01-03,Tuesday,428.7,329.7,90.0,47.7,3.3,36.8,110.7,428.7,pm2_5,Severe
2023-01-03 17:00:00,2643.59,0.01,62.38,41.13,35.29,297.54,345.69,11.27,17,2023-01-03,Tuesday,419.0,295.7,78.0,44.1,2.8,41.1,108.0,419.0,pm2_5,Severe
2023-01-03 18:00:00,2323.15,0.01,54.84,42.56,29.56,260.64,300.75,8.49,18,2023-01-03,Tuesday,404.3,250.8,68.6,36.9,2.1,42.6,104.0,404.3,pm2_5,Severe
2023-01-03 19:00:00,1895.9,0.0,43.87,47.21,23.6,223.78,252.41,5.7,19,2023-01-03,Tuesday,379.8,202.4,54.8,29.5,1.4,47.2,94.8,379.8,pm2_5,Very Poor
2023-01-03 20:00:00,1682.28,0.0,36.33,49.35,21.7,208.63,230.93,5.19,20,2023-01-03,Tuesday,368.2,187.3,45.4,27.1,1.3,49.4,84.1,368.2,pm2_5,Very Poor
2023-01-03 21:00:00,1575.47,0.0,32.22,49.35,21.46,202.96,222.47,5.07,21,2023-01-03,Tuesday,363.8,181.6,40.3,26.8,1.3,49.4,78.8,363.8,pm2_5,Very Poor
2023-01-03 22:00:00,1508.71,0.0,29.82,48.64,21.22,198.84,217.02,5.0,22,2023-01-03,Tuesday,360.6,178.0,37.3,26.5,1.2,48.6,75.4,360.6,pm2_5,Very Poor
2023-01-03 23:00:00,1482.01,0.0,29.13,47.92,21.93,196.7,213.67,5.0,23,2023-01-03,Tuesday,359.0,175.8,36.4,27.4,1.2,47.9,74.1,359.0,pm2_5,Very Poor
2023-01-04 00:00:00,1522.06,0.01,31.53,45.78,23.6,200.81,217.59,5.26,0,2023-01-04,Wednesday,362.2,178.4,39.4,29.5,1.3,45.8,76.1,362.2,pm2_5,Very Poor
2023-01-04 01:00:00,1735.69,0.06,41.81,38.27,29.33,218.39,238.42,7.09,1,2023-01-04,Wednesday,375.7,192.3,52.3,36.7,1.8,38.3,86.8,375.7,pm2_5,Very Poor
2023-01-04 02:00:00,2269.74,1.29,65.8,17.88,40.05,258.33,287.36,11.53,2,2023-01-04,Wednesday,403.3,237.4,82.2,50.1,2.9,17.9,103.4,403.3,pm2_5,Severe
2023-01-04 03:00:00,2777.1,9.39,81.57,3.4,51.98,292.03,330.37,16.21,3,2023-01-04,Wednesday,416.8,280.4,101.6,65.0,4.1,3.4,109.7,416.8,pm2_5,Severe
2023-01-04 04:00:00,3017.43,19.89,79.51,7.87,65.8,312.27,356.38,19.76,4,2023-01-04,Wednesday,424.9,308.0,99.4,82.2,4.9,7.9,112.7,424.9,pm2_5,Severe
2023-01-04 05:00:00,3044.13,24.81,73.34,25.03,78.2,324.31,372.64,19.76,5,2023-01-04,Wednesday,429.7,328.3,91.7,97.8,4.9,25.0,113.1,429.7,pm2_5,Severe
2023-01-04 06:00:00,2803.8,21.9,69.92,54.36,90.6,324.68,371.96,17.73,6,2023-01-04,Wednesday,429.9,327.4,87.4,103.5,4.4,54.4,110.0,429.9,pm2_5,Severe
2023-01-04 07:00:00,2029.42,11.85,58.95,105.86,94.41,264.92,298.29,12.67,7,2023-01-04,Wednesday,406.0,248.3,73.7,104.8,3.2,108.6,100.4,406.0,pm2_5,Severe
2023-01-04 08:00:00,1655.58,8.83,52.78,125.89,89.65,226.24,254.02,11.4,8,2023-01-04,Wednesday,381.7,204.0,66.0,103.2,2.9,138.1,82.8,381.7,pm2_5,Very Poor
2023-01-04 09:00:00,1562.12,6.93,52.78,135.9,91.55,220.47,246.56,11.53,9,2023-01-04,Wednesday,377.3,197.7,66.0,103.8,2.9,152.8,78.1,377.3,pm2_5,Very Poor
2023-01-04 10:00:00,1949.31,7.49,68.55,115.87,83.92,245.78,278.38,16.72,10,2023-01-04,Wednesday,396.8,228.4,85.7,101.3,4.2,123.3,97.5,396.8,pm2_5,Very Poor
2023-01-04 11:00:00,2750.4,8.49,100.08,68.66,69.62,289.28,333.6,23.05,11,2023-01-04,Wednesday,415.7,283.6,120.1,87.0,5.8,68.7,109.4,415.7,pm2_5,Severe
2023-01-04 12:00:00,3417.97,9.28,134.35,15.38,57.7,314.45,366.85,23.31,12,2023-01-04,Wednesday,425.8,321.1,154.3,72.1,5.8,15.4,117.7,425.8,pm2_5,Severe
2023-01-04 13:00:00,3898.62,21.68,130.24,0.15,52.93,334.6,394.29,22.29,13,2023-01-04,Wednesday,433.8,355.4,150.2,66.2,5.6,0.1,123.7,433.8,pm2_5,Severe
2023-01-04 14:00:00,4058.84,20.34,116.53,0.16,50.54,361.48,429.52,21.03,14,2023-01-04,Wednesday,444.6,399.4,136.5,63.2,5.3,0.2,125.7,444.6,pm2_5,Severe
2023-01-04 15:00:00,3898.62,10.62,105.56,1.32,46.25,372.92,446.18,17.73,15,2023-01-04,Wednesday,449.2,409.5,125.6,57.8,4.4,1.3,123.7,449.2,pm2_5,Severe
2023-01-04 16:00:00,3791.81,5.81,95.96,2.95,42.44,381.88,456.42,15.58,16,2023-01-04,Wednesday,452.8,415.5,116.0,53.0,3.9,3.0,122.4,452.8,pm2_5,Severe
2023-01-04 17:00:00,3898.62,7.93,90.48,1.83,40.53,395.46,475.53,15.58,17,2023-01-04,Wednesday,458.2,426.8,110.5,50.7,3.9,1.8,123.7,458.2,pm2_5,Severe
2023-01-04 18:00:00,3631.59,8.72,83.63,1.52,34.33,377.04,452.24,12.54,18,2023-01-04,Wednesday,450.8,413.1,103.6,42.9,3.1,1.5,120.4,450.8,pm2_5,Severe
2023-01-04 19:00:00,3070.83,4.14,74.71,4.11,26.46,334.32,395.79,8.23,19,2023-01-04,Wednesday,433.7,357.2,93.4,33.1,2.1,4.1,113.4,433.7,pm2_5,Severe
2023-01-04 20:00:00,2670.29,1.03,63.06,10.37,23.84,314.48,364.57,6.97,20,2023-01-04,Wednesday,425.8,318.2,78.8,29.8,1.7,10.4,108.4,425.8,pm2_5,Severe
2023-01-04 21:00:00,2456.67,0.39,53.47,15.2,22.65,310.27,352.76,6.46,21,2023-01-04,Wednesday,424.1,303.4,66.8,28.3,1.6,15.2,105.7,424.1,pm2_5,Severe
2023-01-04 22:00:00,2323.15,0.28,47.3,16.99,21.93,309.91,347.09,6.33,22,2023-01-04,Wednesday,424.0,297.1,59.1,27.4,1.6,17.0,104.0,424.0,pm2_5,Severe
2023-01-04 23:00:00,2243.04,0.32,43.87,16.63,21.46,312.2,344.97,6.27,23,2023-01-04,Wednesday,424.9,295.0,54.8,26.8,1.6,16.6,103.0,424.9,pm2_5,Severe
2023-01-05 00:00:00,2269.74,0.67,45.93,13.41,22.41,315.35,341.52,6.52,0,2023-01-05,Thursday,426.1,291.5,57.4,28.0,1.6,13.4,103.4,426.1,pm2_5,Severe
2023-01-05 01:00:00,2536.77,4.53,54.15,5.81,27.18,330.39,355.83,8.87,1,2023-01-05,Thursday,432.2,307.3,67.7,34.0,2.2,5.8,106.7,432.2,pm2_5,Severe
2023-01-05 02:00:00,3284.45,24.14,63.06,0.15,37.67,370.86,406.67,14.31,2,2023-01-05,Thursday,448.3,370.8,78.8,47.1,3.6,0.1,116.1,448.3,pm2_5,Severe
2023-01-05 03:00:00,3898.62,45.15,71.29,0.15,48.64,393.62,436.41,18.49,3,2023-01-05,Thursday,457.4,403.8,89.1,60.8,4.6,0.1,123.7,457.4,pm2_5,Severe
2023-01-05 04:00:00,3952.03,46.94,82.94,1.3,61.99,389.31,433.52,21.03,4,2023-01-05,Thursday,455.7,402.1,102.9,77.5,5.3,1.3,124.4,455.7,pm2_5,Severe
2023-01-05 05:00:00,3898.62,43.36,87.74,8.23,73.43,381.59,431.43,20.77,5,2023-01-05,Thursday,452.6,400.8,107.7,91.8,5.2,8.2,123.7,452.6,pm2_5,Severe
2023-01-05 06:00:00,3524.78,33.53,87.05,24.32,83.92,354.27,402.27,18.49,6,2023-01-05,Thursday,441.7,365.3,107.0,101.3,4.6,24.3,119.1,441.7,pm2_5,Severe
2023-01-05 07:00:00,2403.26,16.99,70.6,77.96,91.55,259.08,290.22,14.31,7,2023-01-05,Thursday,403.6,240.2,88.2,103.8,3.6,78.0,105.0,403.6,pm2_5,Severe
2023-01-05 08:00:00,2216.34,13.75,66.49,97.27,91.55,231.77,260.38,14.82,8,2023-01-05,Thursday,386.0,210.4,83.1,103.8,3.7,97.3,102.7,386.0,pm2_5,Very Poor
2023-01-05 09:00:00,2216.34,11.96,67.86,104.43,97.27,214.72,244.05,16.97,9,2023-01-05,Thursday,372.9,196.0,84.8,105.8,4.2,106.5,102.7,372.9,pm2_5,Very Poor
2023-01-05 10:00:00,3044.13,19.67,90.48,70.1,81.06,258.36,303.5,24.83,10,2023-01-05,Thursday,403.3,253.5,110.5,100.4,6.2,70.1,113.1,403.3,pm2_5,Severe
2023-01-05 11:00:00,4646.3,49.62,126.12,20.21,67.71,355.35,427.04,30.4,11,2023-01-05,Thursday,442.1,396.3,146.1,84.6,7.6,20.2,133.1,442.1,pm2_5,Severe
2023-01-05 12:00:00,6248.47,107.29,139.83,1.61,69.62,438.79,533.82,34.45,12,2023-01-05,Thursday,475.5,461.1,159.8,87.0,8.6,1.6,153.1,475.5,pm2_5,Severe
2023-01-05 13:00:00,7797.24,159.14,141.2,0.0,82.97,535.36,657.43,46.61,13,2023-01-05,Thursday,514.1,533.8,161.2,101.0,11.7,0.0,172.5,533.8,pm10,Severe
2023-01-05 14:00:00,8865.36,175.24,132.98,0.0,85.83,631.63,785.34,50.66,14,2023-01-05,Thursday,552.7,609.0,153.0,101.9,12.7,0.0,185.8,609.0,pm10,Severe
2023-01-05 15:00:00,9078.98,168.09,113.79,0.0,79.15,692.16,868.19,46.61,15,2023-01-05,Thursday,576.9,657.8,133.8,98.9,11.7,0.0,188.5,657.8,pm10,Severe
2023-01-05 16:00:00,8972.17,155.57,94.59,0.0,68.66,724.54,904.28,38.5,16,2023-01-05,Thursday,589.8,679.0,114.6,85.8,9.6,0.0,187.2,679.0,pm10,Severe
2023-01-05 17:00:00,8544.92,139.47,80.88,0.0,57.22,717.3,889.55,29.89,17,2023-01-05,Thursday,586.9,670.3,100.9,71.5,7.5,0.0,181.8,670.3,pm10,Severe
2023-01-05 18:00:00,7049.56,109.97,69.23,0.0,41.01,620.57,762.95,18.75,18,2023-01-05,Thursday,548.2,595.9,86.5,51.3,4.7,0.0,163.1,595.9,pm10,Severe
2023-01-05 19:00:00,5073.55,68.84,59.63,0.0,27.18,478.93,571.88,10.51,19,2023-01-05,Thursday,491.6,483.5,74.5,34.0,2.6,0.0,138.4,491.6,pm2_5,Severe
2023-01-05 20:00:00,3952.03,42.02,54.84,0.0,23.84,405.46,463.39,8.99,20,2023-01-05,Thursday,462.2,419.6,68.6,29.8,2.2,0.0,124.4,462.2,pm2_5,Severe
2023-01-05 21:00:00,3364.56,26.38,53.47,0.01,22.89,370.05,405.53,8.49,21,2023-01-05,Thursday,448.0,369.4,66.8,28.6,2.1,0.0,117.1,448.0,pm2_5,Severe
2023-01-05 22:00:00,3044.13,17.43,53.47,0.05,23.37,349.38,376.2,8.49,22,2023-01-05,Thursday,439.8,332.8,66.8,29.2,2.1,0.1,113.1,439.8,pm2_5,Severe
2023-01-05 23:00:00,2937.32,15.2,53.47,0.08,25.99,347.67,371.51,9.63,23,2023-01-05,Thursday,439.1,326.9,66.8,32.5,2.4,0.1,111.7,439.1,pm2_5,Severe
2023-01-06 00:00:00,3044.13,19.45,53.47,0.03,31.95,362.42,386.16,12.54,0,2023-01-06,Friday,445.0,345.2,66.8,39.9,3.1,0.0,113.1,445.0,pm2_5,Severe
2023-01-06 01:00:00,3524.78,35.76,55.52,0.0,43.39,388.3,417.76,18.75,1,2023-01-06,Friday,455.3,384.7,69.4,54.2,4.7,0.0,119.1,455.3,pm2_5,Severe
2023-01-06 02:00:00,4486.08,67.95,62.38,0.0,55.79,426.14,469.78,24.57,2,2023-01-06,Friday,470.5,423.4,78.0,69.7,6.1,0.0,131.1,470.5,pm2_5,Severe
2023-01-06 03:00:00,4806.52,77.78,76.09,0.03,62.94,412.87,457.85,24.57,3,2023-01-06,Friday,465.1,416.4,95.1,78.7,6.1,0.0,135.1,465.1,pm2_5,Severe
2023-01-06 04:00:00,2723.69,6.03,109.67,13.95,98.23,261.92,288.64,17.73,4,2023-01-06,Friday,404.8,238.6,129.7,106.1,4.4,13.9,109.0,404.8,pm2_5,Severe
2023-01-06 05:00:00,2536.77,10.17,100.08,22.17,106.81,218.44,247.33,18.75,5,2023-01-06,Friday,375.7,198.2,120.1,108.9,4.7,22.2,106.7,375.7,pm2_5,Very Poor
2023-01-06 06:00:00,2429.96,14.98,89.11,28.97,111.58,198.08,228.41,19.51,6,2023-01-06,Friday,360.1,185.6,109.1,110.5,4.9,29.0,105.4,360.1,pm2_5,Very Poor
2023-01-06 07:00:00,2082.82,14.98,77.46,47.21,99.18,177.13,204.67,17.48,7,2023-01-06,Friday,343.9,169.8,96.8,106.4,4.4,47.2,101.0,343.9,pm2_5,Very Poor
2023-01-06 08:00:00,1895.9,10.39,78.14,53.64,92.51,171.63,197.56,16.72,8,2023-01-06,Friday,339.7,165.0,97.7,104.2,4.2,53.6,94.8,339.7,pm2_5,Very Poor
2023-01-06 09:00:00,1922.61,6.98,86.37,49.35,99.18,178.76,205.67,17.99,9,2023-01-06,Friday,345.2,170.4,106.4,106.4,4.5,49.4,96.1,345.2,pm2_5,Very Poor
2023-01-06 10:00:00,3578.19,45.6,112.41,12.7,85.83,273.96,327.88,32.17,10,2023-01-06,Friday,409.6,277.9,132.4,101.9,8.0,12.7,119.7,409.6,pm2_5,Severe
2023-01-06 11:00:00,6248.47,137.69,120.64,3.17,79.15,424.9,517.94,43.06,11,2023-01-06,Friday,470.0,451.7,140.6,98.9,10.8,3.2,153.1,470.0,pm2_5,Severe
2023-01-06 12:00:00,8972.17,243.19,135.72,0.43,98.23,568.94,694.62,58.26,12,2023-01-06,Friday,527.6,555.7,155.7,106.1,14.6,0.4,187.2,555.7,pm10,Severe
2023-01-06 13:00:00,11642.46,332.59,149.43,0.0,131.61,736.02,897.1,83.09,13,2023-01-06,Friday,594.4,674.8,169.4,117.2,20.8,0.0,223.5,674.8,pm10,Severe
2023-01-06 14:00:00,12817.38,332.59,150.8,0.0,110.63,844.98,1035.78,62.82,14,2023-01-06,Friday,638.0,756.3,170.8,110.2,15.7,0.0,240.2,756.3,pm10,Severe
2023-01-06 15:00:00,11535.64,253.92,142.57,0.0,74.39,808.5,997.3,33.44,15,2023-01-06,Friday,623.4,733.7,162.6,93.0,8.4,0.0,221.9,733.7,pm10,Severe
2023-01-06 16:00:00,7583.62,119.81,126.12,0.0,53.41,589.52,731.64,21.79,16,2023-01-06,Friday,535.8,577.4,146.1,66.8,5.4,0.0,169.8,577.4,pm10,Severe
2023-01-06 17:00:00,7476.81,113.55,109.67,0.0,51.5,606.61,763.61,23.81,17,2023-01-06,Friday,542.6,596.2,129.7,64.4,6.0,0.0,168.5,596.2,pm10,Severe
2023-01-06 18:00:00,7049.56,113.55,93.22,0.0,46.73,586.34,745.2,22.55,18,2023-01-06,Friday,534.5,585.4,113.2,58.4,5.6,0.0,163.1,585.4,pm10,Severe
2023-01-06 19:00:00,5767.82,95.67,77.46,0.0,34.81,500.99,628.19,14.82,19,2023-01-06,Friday,500.4,516.6,96.8,43.5,3.7,0.0,147.1,516.6,pm10,Severe
2023-01-06 20:00:00,4379.27,61.69,66.49,0.0,23.13,414.89,484.29,8.61,20,2023-01-06,Friday,466.0,431.9,83.1,28.9,2.2,0.0,129.7,466.0,pm2_5,Severe
2023-01-06 21:00:00,3284.45,32.63,61.01,0.01,19.07,344.0,375.18,6.4,21,2023-01-06,Friday,437.6,331.5,76.3,23.8,1.6,0.0,116.1,437.6,pm2_5,Severe
2023-01-06 22:00:00,2483.37,10.84,58.95,0.36,18.84,282.73,297.33,5.7,22,2023-01-06,Friday,413.1,247.3,73.7,23.6,1.4,0.4,106.0,413.1,pm2_5,Severe
2023-01-06 23:00:00,2162.93,4.19,54.84,1.92,19.79,255.84,268.1,6.02,23,2023-01-06,Friday,402.3,218.1,68.6,24.7,1.5,1.9,102.0,402.3,pm2_5,Severe
2023-01-07 00:00:00,2056.12,3.07,52.78,3.35,22.89,244.33,257.08,7.41,0,2023-01-07,Saturday,395.6,207.1,66.0,28.6,1.9,3.4,100.7,395.6,pm2_5,Very Poor
2023-01-07 01:00:00,2216.34,6.65,54.84,2.08,28.13,243.84,260.32,10.51,1,2023-01-07,Saturday,395.3,210.3,68.6,35.2,2.6,2.1,102.7,395.3,pm2_5,Very Poor
2023-01-07 02:00:00,2643.59,19.0,58.95,0.19,33.38,256.28,279.47,14.06,2,2023-01-07,Saturday,402.5,229.5,73.7,41.7,3.5,0.2,108.0,402.5,pm2_5,Severe
2023-01-07 03:00:00,2803.8,22.8,67.86,0.41,35.29,248.16,272.01,14.57,3,2023-01-07,Saturday,398.6,222.0,84.8,44.1,3.6,0.4,110.0,398.6,pm2_5,Very Poor
2023-01-07 04:00:00,1949.31,1.77,67.17,31.11,45.78,188.93,206.99,10.64,4,2023-01-07,Saturday,353.0,171.3,84.0,57.2,2.7,31.1,97.5,353.0,pm2_5,Very Poor
2023-01-07 05:00:00,1762.39,4.81,55.52,42.56,51.98,178.01,199.88,10.64,5,2023-01-07,Saturday,344.6,166.6,69.4,65.0,2.7,42.6,88.1,344.6,pm2_5,Very Poor
2023-01-07 06:00:00,1655.58,6.82,49.35,57.22,57.7,176.14,197.13,10.64,6,2023-01-07,Saturday,343.2,164.8,61.7,72.1,2.7,57.2,82.8,343.2,pm2_5,Very Poor
2023-01-07 07:00:00,1535.42,8.38,42.5,94.41,59.13,171.94,190.42,10.51,7,2023-01-07,Saturday,340.0,160.3,53.1,73.9,2.6,94.4,76.8,340.0,pm2_5,Very Poor
2023-01-07 08:00:00,1535.42,7.6,42.5,114.44,60.56,178.09,196.41,11.27,8,2023-01-07,Saturday,344.7,164.3,53.1,75.7,2.8,121.2,76.8,344.7,pm2_5,Very Poor
2023-01-07 09:00:00,1602.17,6.87,46.61,127.32,66.76,191.9,211.27,12.67,9,2023-01-07,Saturday,355.3,174.2,58.3,83.5,3.2,140.2,80.1,355.3,pm2_5,Very Poor
2023-01-07 10:00:00,2109.53,8.61,64.43,107.29,59.6,237.61,265.68,16.97,10,2023-01-07,Saturday,390.5,215.7,80.5,74.5,4.2,110.7,101.4,390.5,pm2_5,Very Poor
2023-01-07 11:00:00,2990.72,12.52,101.45,55.07,47.68,306.76,348.72,19.51,11,2023-01-07,Saturday,422.7,298.7,121.5,59.6,4.9,55.1,112.4,422.7,pm2_5,Severe
2023-01-07 12:00:00,3791.81,24.81,134.35,7.42,41.48,357.68,409.6,18.49,12,2023-01-07,Saturday,443.1,374.5,154.3,51.8,4.6,7.4,122.4,443.1,pm2_5,Severe
2023-01-07 13:00:00,4432.68,45.15,132.98,0.01,41.01,402.33,462.84,18.24,13,2023-01-07,Saturday,460.9,419.3,153.0,51.3,4.6,0.0,130.4,460.9,pm2_5,Severe
2023-01-07 14:00:00,4379.27,32.19,117.9,0.06,38.15,432.89,495.9,15.2,14,2023-01-07,Saturday,473.2,438.8,137.9,47.7,3.8,0.1,129.7,473.2,pm2_5,Severe
2023-01-07 15:00:00,3578.19,4.69,95.96,13.41,31.47,413.07,466.39,11.27,15,2023-01-07,Saturday,465.2,421.4,116.0,39.3,2.8,13.4,119.7,465.2,pm2_5,Severe
2023-01-07 16:00:00,2723.69,0.0,60.32,47.21,26.23,366.6,407.18,9.5,16,2023-01-07,Saturday,446.6,371.5,75.4,32.8,2.4,47.2,109.0,446.6,pm2_5,Severe
2023-01-07 17:00:00,2510.07,0.0,53.47,45.42,24.32,341.65,380.04,8.74,17,2023-01-07,Saturday,436.7,337.6,66.8,30.4,2.2,45.4,106.4,436.7,pm2_5,Severe
2023-01-07 18:00:00,2189.64,0.01,46.61,41.13,20.5,296.76,328.78,6.78,18,2023-01-07,Saturday,418.7,278.8,58.3,25.6,1.7,41.1,102.4,418.7,pm2_5,Severe
2023-01-07 19:00:00,1789.09,0.01,38.39,38.98,16.21,248.38,271.62,4.5,19,2023-01-07,Saturday,398.8,221.6,48.0,20.3,1.1,39.0,89.5,398.8,pm2_5,Very Poor
2023-01-07 20:00:00,1562.12,0.01,32.9,36.12,14.9,225.91,244.96,3.89,20,2023-01-07,Saturday,381.5,196.6,41.1,18.6,1.0,36.1,78.1,381.5,pm2_5,Very Poor
2023-01-07 21:00:00,1468.66,0.02,30.16,32.54,14.66,220.25,237.29,3.74,21,2023-01-07,Saturday,377.1,191.5,37.7,18.3,0.9,32.5,73.4,377.1,pm2_5,Very Poor
2023-01-07 22:00:00,1415.25,0.04,28.79,28.97,14.54,222.98,237.93,3.77,22,2023-01-07,Saturday,379.2,192.0,36.0,18.2,0.9,29.0,70.8,379.2,pm2_5,Very Poor
2023-01-07 23:00:00,1375.2,0.04,27.42,28.25,14.78,231.23,243.4,3.64,23,2023-01-07,Saturday,385.6,195.6,34.3,18.5,0.9,28.2,68.8,385.6,pm2_5,Very Poor
2023-01-08 00:00:00,1388.55,0.04,27.42,30.04,16.45,248.99,259.41,3.55,0,2023-01-08,Sunday,399.2,209.4,34.3,20.6,0.9,30.0,69.4,399.2,pm2_5,Very Poor
2023-01-08 01:00:00,1548.77,0.06,32.22,32.54,21.46,274.41,286.51,4.43,1,2023-01-08,Sunday,409.8,236.5,40.3,26.8,1.1,32.5,77.4,409.8,pm2_5,Severe
2023-01-08 02:00:00,1895.9,0.36,45.93,23.96,28.13,303.19,320.32,7.09,2,2023-01-08,Sunday,421.3,270.3,57.4,35.2,1.8,24.0,94.8,421.3,pm2_5,Severe
2023-01-08 03:00:00,2136.23,1.33,56.89,14.13,33.38,311.74,330.84,8.99,3,2023-01-08,Sunday,424.7,280.8,71.1,41.7,2.2,14.1,101.7,424.7,pm2_5,Severe
2023-01-08 04:00:00,2136.23,3.69,55.52,16.27,40.05,298.63,317.89,9.63,4,2023-01-08,Sunday,419.5,267.9,69.4,50.1,2.4,16.3,101.7,419.5,pm2_5,Severe
2023-01-08 05:00:00,2109.53,8.83,47.3,28.61,46.73,286.06,308.15,9.63,5,2023-01-08,Sunday,414.4,258.1,59.1,58.4,2.4,28.6,101.4,414.4,pm2_5,Severe
2023-01-08 06:00:00,2029.42,10.17,42.5,50.07,53.88,271.76,293.66,8.61,6,2023-01-08,Sunday,408.7,243.7,53.1,67.3,2.2,50.1,100.4,408.7,pm2_5,Severe
2023-01-08 07:00:00,1895.9,8.16,38.04,85.83,57.7,267.86,286.83,7.09,7,2023-01-08,Sunday,407.1,236.8,47.5,72.1,1.8,85.8,94.8,407.1,pm2_5,Severe
2023-01-08 08:00:00,1895.9,6.09,37.7,118.73,58.65,285.15,304.0,7.92,8,2023-01-08,Sunday,414.1,254.0,47.1,73.3,2.0,127.5,94.8,414.1,pm2_5,Severe
2023-01-08 09:00:00,1895.9,4.81,39.07,143.05,62.94,296.52,315.89,9.5,9,2023-01-08,Sunday,418.6,265.9,48.8,78.7,2.4,163.3,94.8,418.6,pm2_5,Severe
2023-01-08 10:00:00,2136.23,4.92,50.04,131.61,57.22,308.4,332.44,12.92,10,2023-01-08,Sunday,423.4,282.4,62.5,71.5,3.2,146.5,101.7,423.4,pm2_5,Severe
2023-01-08 11:00:00,2590.18,5.59,76.77,86.55,46.73,325.19,357.19,15.07,11,2023-01-08,Sunday,430.1,309.0,96.0,58.4,3.8,86.5,107.4,430.1,pm2_5,Severe
2023-01-08 12:00:00,2990.72,3.74,112.41,28.97,39.1,327.78,365.97,14.31,12,2023-01-08,Sunday,431.1,320.0,132.4,48.9,3.6,29.0,112.4,431.1,pm2_5,Severe
2023-01-08 13:00:00,4005.43,32.19,124.75,0.44,39.1,370.36,425.01,16.47,13,2023-01-08,Sunday,448.1,393.8,144.8,48.9,4.1,0.4,125.1,448.1,pm2_5,Severe
2023-01-08 14:00:00,5340.58,69.74,116.53,0.0,43.87,465.48,547.36,20.52,14,2023-01-08,Sunday,486.2,469.0,136.5,54.8,5.1,0.0,141.8,486.2,pm2_5,Severe
2023-01-08 15:00:00,6088.26,76.89,106.93,0.0,45.78,540.22,640.1,22.8,15,2023-01-08,Sunday,516.1,523.6,126.9,57.2,5.7,0.0,151.1,523.6,pm10,Severe
2023-01-08 16:00:00,6301.88,72.42,95.96,0.0,44.35,580.27,686.03,22.55,16,2023-01-08,Sunday,532.1,550.6,116.0,55.4,5.6,0.0,153.8,550.6,pm10,Severe
2023-01-08 17:00:00,6195.07,64.37,89.11,0.0,39.58,586.77,689.82,18.75,17,2023-01-08,Sunday,534.7,552.8,109.1,49.5,4.7,0.0,152.4,552.8,pm10,Severe
2023-01-08 18:00:00,5287.17,45.15,82.25,0.01,29.33,515.47,599.64,11.91,18,2023-01-08,Sunday,506.2,499.8,102.2,36.7,3.0,0.0,141.1,506.2,pm2_5,Severe
2023-01-08 19:00:00,3738.4,17.21,72.66,0.25,20.98,388.82,444.16,7.22,19,2023-01-08,Sunday,455.5,408.3,90.8,26.2,1.8,0.2,121.7,455.5,pm2_5,Severe
2023-01-08 20:00:00,3044.13,9.39,62.38,0.71,21.46,338.57,384.26,7.16,20,2023-01-08,Sunday,435.4,342.8,78.0,26.8,1.8,0.7,113.1,435.4,pm2_5,Severe
2023-01-08 21:00:00,2723.69,7.38,54.15,0.92,21.7,316.79,358.09,6.97,21,2023-01-08,Sunday,426.7,310.1,67.7,27.1,1.7,0.9,109.0,426.7,pm2_5,Severe
2023-01-08 22:00:00,2510.07,6.93,48.67,0.97,21.46,303.46,339.96,6.78,22,2023-01-08,Sunday,421.4,290.0,60.8,26.8,1.7,1.0,106.4,421.4,pm2_5,Severe
2023-01-08 23:00:00,2323.15,5.7,45.93,1.42,21.22,289.34,316.87,6.52,23,2023-01-08,Sunday,415.7,266.9,57.4,26.5,1.6,1.4,104.0,415.7,pm2_5,Severe
2023-01-09 00:00:00,2189.64,4.58,47.3,2.32,22.41,279.67,299.43,6.59,0,2023-01-09,Monday,411.9,249.4,59.1,28.0,1.6,2.3,102.4,411.9,pm2_5,Severe
2023-01-09 01:00:00,2376.56,8.38,52.78,1.94,28.37,275.12,295.06,8.61,1,2023-01-09,Monday,410.0,245.1,66.0,35.5,2.2,1.9,104.7,410.0,pm2_5,Severe
2023-01-09 02:00:00,3257.75,33.97,58.26,0.02,41.01,323.9,357.37,14.69,2,2023-01-09,Monday,429.6,309.2,72.8,51.3,3.7,0.0,115.7,429.6,pm2_5,Severe
2023-01-09 03:00:00,4219.06,66.16,65.8,0.06,55.79,378.73,424.38,21.53,3,2023-01-09,Monday,451.5,393.0,82.2,69.7,5.4,0.1,127.7,451.5,pm2_5,Severe
2023-01-09 04:00:00,4966.74,91.2,71.29,0.22,72.48,427.47,482.57,27.87,4,2023-01-09,Monday,471.0,430.9,89.1,90.6,7.0,0.2,137.1,471.0,pm2_5,Severe
2023-01-09 05:00:00,5661.01,109.97,74.71,0.73,86.78,473.62,540.96,30.4,5,2023-01-09,Monday,489.4,465.3,93.4,102.3,7.6,0.7,145.8,489.4,pm2_5,Severe
2023-01-09 06:00:00,5981.45,113.55,82.94,1.63,98.23,497.64,572.48,28.88,6,2023-01-09,Monday,499.1,483.8,102.9,106.1,7.2,1.6,149.8,499.1,pm2_5,Severe
2023-01-09 07:00:00,4646.3,59.01,112.41,6.35,135.42,447.86,503.13,20.77,7,2023-01-09,Monday,479.1,443.0,132.4,118.5,5.2,6.3,133.1,479.1,pm2_5,Severe
2023-01-09 08:00:00,4219.06,39.34,123.38,7.51,139.24,434.5,486.51,20.01,8,2023-01-09,Monday,473.8,433.2,143.4,119.7,5.0,7.5,127.7,473.8,pm2_5,Severe
2023-01-09 09:00:00,3845.21,27.49,128.87,7.78,144.96,416.65,465.83,20.52,9,2023-01-09,Monday,466.7,421.1,148.9,121.7,5.1,7.8,123.1,466.7,pm2_5,Severe
2023-01-09 10:00:00,4966.74,62.58,127.49,23.96,125.89,485.42,556.44,34.45,10,2023-01-09,Monday,494.2,474.4,147.5,115.3,8.6,24.0,137.1,494.2,pm2_5,Severe
2023-01-09 11:00:00,6942.75,109.97,159.03,7.6,139.24,606.27,708.0,58.26,11,2023-01-09,Monday,542.5,563.5,179.0,119.7,14.6,7.6,161.8,563.5,pm10,Severe
2023-01-09 12:00:00,8438.11,171.66,174.11,0.85,173.57,679.92,800.28,83.09,12,2023-01-09,Monday,572.0,617.8,194.1,131.2,20.8,0.8,180.5,617.8,pm10,Severe
2023-01-09 13:00:00,10147.09,228.88,183.7,0.0,213.62,775.94,920.5,115.51,13,2023-01-09,Monday,610.4,688.5,203.7,144.5,28.9,0.0,202.1,688.5,pm10,Severe
2023-01-09 14:00:00,11535.64,250.34,183.7,0.0,234.6,886.09,1064.14,143.89,14,2023-01-09,Monday,654.4,773.0,203.7,151.5,36.0,0.0,221.9,773.0,pm10,Severe
2023-01-09 15:00:00,12176.51,236.03,168.62,0.0,215.53,957.55,1163.46,145.91,15,2023-01-09,Monday,683.0,831.4,188.6,145.2,36.5,0.0,231.1,831.4,pm10,Severe
2023-01-09 16:00:00,12283.33,219.94,145.32,0.0,162.12,1004.77,1225.53,111.46,16,2023-01-09,Monday,701.9,868.0,165.3,127.4,27.9,0.0,232.6,868.0,pm10,Severe
2023-01-09 17:00:00,12069.7,211.0,120.64,0.0,103.95,1022.55,1241.36,64.34,17,2023-01-09,Monday,709.0,877.3,140.6,108.0,16.1,0.0,229.6,877.3,pm10,Severe
2023-01-09 18:00:00,10360.72,182.39,90.48,0.0,60.08,911.47,1096.68,29.64,18,2023-01-09,Monday,664.6,792.2,110.5,75.1,7.4,0.0,205.2,792.2,pm10,Severe
2023-01-09 19:00:00,6462.1,99.24,67.17,0.0,33.38,613.79,722.61,12.92,19,2023-01-09,Monday,545.5,572.1,84.0,41.7,3.2,0.0,155.8,572.1,pm10,Severe
2023-01-09 20:00:00,4486.08,59.01,52.09,0.0,26.7,464.17,537.61,11.15,20,2023-01-09,Monday,485.7,463.3,65.1,33.4,2.8,0.0,131.1,485.7,pm2_5,Severe
2023-01-09 21:00:00,3471.37,36.66,48.67,0.0,25.03,387.65,441.49,11.4,21,2023-01-09,Monday,455.1,406.8,60.8,31.3,2.9,0.0,118.4,455.1,pm2_5,Severe
2023-01-09 22:00:00,2777.1,15.65,51.41,0.13,24.08,329.88,366.35,9.88,22,2023-01-09,Monday,432.0,320.4,64.3,30.1,2.5,0.1,109.7,432.0,pm2_5,Severe
2023-01-09 23:00:00,2510.07,7.6,50.04,0.59,23.37,306.72,333.03,7.73,23,2023-01-09,Monday,422.7,283.0,62.5,29.2,1.9,0.6,106.4,422.7,pm2_5,Severe
2023-01-10 00:00:00,2429.96,6.82,49.35,0.83,24.32,299.74,319.69,7.16,0,2023-01-10,Tuesday,419.9,269.7,61.7,30.4,1.8,0.8,105.4,419.9,pm2_5,Severe
2023-01-10 01:00:00,2643.59,14.19,50.04,0.3,30.04,311.01,333.49,9.5,1,2023-01-10,Tuesday,424.4,283.5,62.5,37.5,2.4,0.3,108.0,424.4,pm2_5,Severe
2023-01-10 02:00:00,3391.27,37.55,54.15,0.01,40.53,355.74,390.1,15.2,2,2023-01-10,Tuesday,442.3,350.1,67.7,50.7,3.8,0.0,117.4,442.3,pm2_5,Severe
2023-01-10 03:00:00,4058.84,62.58,57.58,0.11,49.11,388.27,431.04,19.51,3,2023-01-10,Tuesday,455.3,400.6,72.0,61.4,4.9,0.1,125.7,455.3,pm2_5,Severe
2023-01-10 04:00:00,4325.87,73.31,61.01,0.21,55.79,409.04,456.06,22.04,4,2023-01-10,Tuesday,463.6,415.3,76.3,69.7,5.5,0.2,129.1,463.6,pm2_5,Severe
2023-01-10 05:00:00,4486.08,75.1,63.75,0.5,61.04,422.57,479.0,22.55,5,2023-01-10,Tuesday,469.0,428.8,79.7,76.3,5.6,0.5,131.1,469.0,pm2_5,Severe
2023-01-10 06:00:00,4272.46,66.16,67.86,1.02,64.85,414.34,473.19,20.27,6,2023-01-10,Tuesday,465.7,425.4,84.8,81.1,5.1,1.0,128.4,465.7,pm2_5,Severe
2023-01-10 07:00:00,2563.48,16.76,67.17,57.22,80.11,362.04,394.02,3.36,7,2023-01-10,Tuesday,444.8,355.0,84.0,100.0,0.8,57.2,107.0,444.8,pm2_5,Severe
2023-01-10 08:00:00,2002.72,8.49,53.47,100.14,75.34,338.88,362.33,0.63,8,2023-01-10,Tuesday,435.6,315.4,66.8,94.2,0.2,100.2,100.0,435.6,pm2_5,Severe
2023-01-10 09:00:00,1815.8,6.2,46.61,125.89,72.48,323.35,344.52,1.58,9,2023-01-10,Tuesday,429.3,294.5,58.3,90.6,0.4,138.1,90.8,429.3,pm2_5,Severe
2023-01-10 10:00:00,1842.5,5.25,48.67,125.89,61.04,303.82,327.1,5.51,10,2023-01-10,Tuesday,421.5,277.1,60.8,76.3,1.4,138.1,92.1,421.5,pm2_5,Severe
2023-01-10 11:00:00,2082.82,4.92,65.12,91.55,51.02,298.06,326.27,10.01,11,2023-01-10,Tuesday,419.2,276.3,81.4,63.8,2.5,91.5,101.0,419.2,pm2_5,Severe
2023-01-10 12:00:00,2403.26,2.04,91.85,45.42,47.21,296.62,329.27,12.03,12,2023-01-10,Tuesday,418.6,279.3,111.8,59.0,3.0,45.4,105.0,418.6,pm2_5,Severe
2023-01-10 13:00:00,2723.69,1.16,105.56,14.13,47.21,308.27,347.88,13.3,13,2023-01-10,Tuesday,423.3,297.9,125.6,59.0,3.3,14.1,109.0,423.3,pm2_5,Severe
2023-01-10 14:00:00,2883.91,2.26,98.71,8.05,45.78,325.07,372.56,13.68,14,2023-01-10,Tuesday,430.0,328.2,118.7,57.2,3.4,8.1,111.0,430.0,pm2_5,Severe
2023-01-10 15:00:00,2883.91,1.42,87.05,10.73,41.48,336.66,387.82,12.29,15,2023-01-10,Tuesday,434.7,347.3,107.0,51.8,3.1,10.7,111.0,434.7,pm2_5,Severe
2023-01-10 16:00:00,2777.1,0.56,76.77,16.09,37.19,340.41,390.65,11.15,16,2023-01-10,Tuesday,436.2,350.8,96.0,46.5,2.8,16.1,109.7,436.2,pm2_5,Severe
2023-01-10 17:00:00,2696.99,0.24,69.23,21.28,34.33,342.82,390.79,10.01,17,2023-01-10,Tuesday,437.1,351.0,86.5,42.9,2.5,21.3,108.7,437.1,pm2_5,Severe
2023-01-10 18:00:00,2429.96,0.06,60.32,30.76,29.56,333.9,375.44,7.35,18,2023-01-10,Tuesday,433.6,331.8,75.4,36.9,1.8,30.8,105.4,433.6,pm2_5,Severe
2023-01-10 19:00:00,2109.53,0.0,47.98,44.35,24.08,321.24,353.09,4.62,19,2023-01-10,Tuesday,428.5,303.9,60.0,30.1,1.2,44.4,101.4,428.5,pm2_5,Severe
2023-01-10 20:00:00,1976.01,0.0,40.1,51.5,22.89,324.83,353.05,4.37,20,2023-01-10,Tuesday,429.9,303.8,50.1,28.6,1.1,51.5,98.8,429.9,pm2_5,Severe
2023-01-10 21:00:00,2002.72,0.0,36.67,50.78,23.13,335.08,362.44,4.62,21,2023-01-10,Tuesday,434.0,315.6,45.8,28.9,1.2,50.8,100.0,434.0,pm2_5,Severe
2023-01-10 22:00:00,2029.42,0.0,35.3,47.21,23.84,341.66,367.39,4.94,22,2023-01-10,Tuesday,436.7,321.7,44.1,29.8,1.2,47.2,100.4,436.7,pm2_5,Severe
2023-01-10 23:00:00,2029.42,0.0,34.96,43.27,24.32,344.65,366.13,4.94,23,2023-01-10,Tuesday,437.9,320.2,43.7,30.4,1.2,43.3,100.4,437.9,pm2_5,Severe
2023-01-11 00:00:00,2082.82,0.01,37.36,38.98,25.75,346.96,365.13,5.0,0,2023-01-11,Wednesday,438.8,318.9,46.7,32.2,1.2,39.0,101.0,438.8,pm2_5,Severe
2023-01-11 01:00:00,2323.15,0.25,49.35,27.89,31.47,362.23,382.71,6.78,1,2023-01-11,Wednesday,444.9,340.9,61.7,39.3,1.7,27.9,104.0,444.9,pm2_5,Severe
2023-01-11 02:00:00,2990.72,6.31,72.66,5.81,42.92,401.03,430.85,11.53,2,2023-01-11,Wednesday,460.4,400.5,90.8,53.7,2.9,5.8,112.4,460.4,pm2_5,Severe
2023-01-11 03:00:00,3631.59,26.6,82.25,0.29,56.74,431.29,468.4,16.21,3,2023-01-11,Wednesday,472.5,422.6,102.2,70.9,4.1,0.3,120.4,472.5,pm2_5,Severe
2023-01-11 04:00:00,3845.21,36.66,91.85,1.42,77.25,430.63,471.19,18.24,4,2023-01-11,Wednesday,472.3,424.2,111.8,96.6,4.6,1.4,123.1,472.3,pm2_5,Severe
2023-01-11 05:00:00,3791.81,42.02,98.71,6.08,96.32,428.91,475.3,17.48,5,2023-01-11,Wednesday,471.6,426.6,118.7,105.4,4.4,6.1,122.4,471.6,pm2_5,Severe
2023-01-11 06:00:00,3685.0,42.02,106.93,14.31,114.44,425.47,473.0,15.45,6,2023-01-11,Wednesday,470.2,425.3,126.9,111.5,3.9,14.3,121.1,470.2,pm2_5,Severe
2023-01-11 07:00:00,2616.88,24.36,93.22,45.06,106.81,317.58,353.73,9.75,7,2023-01-11,Wednesday,427.0,304.7,113.2,108.9,2.4,45.1,107.7,427.0,pm2_5,Severe
2023-01-11 08:00:00,2243.04,14.53,91.85,61.51,102.04,276.6,307.08,10.39,8,2023-01-11,Wednesday,410.6,257.1,111.8,107.3,2.6,61.5,103.0,410.6,pm2_5,Severe
2023-01-11 09:00:00,2349.85,14.75,100.08,72.96,116.35,281.84,312.46,13.68,9,2023-01-11,Wednesday,412.7,262.5,120.1,112.1,3.4,73.0,104.4,412.7,pm2_5,Severe
2023-01-11 10:00:00,3738.4,38.44,131.61,68.66,112.53,381.4,432.37,26.85,10,2023-01-11,Wednesday,452.6,401.4,151.6,110.8,6.7,68.7,121.7,452.6,pm2_5,Severe
2023-01-11 11:00:00,6301.88,78.68,189.19,29.33,97.27,542.53,625.16,41.54,11,2023-01-11,Wednesday,517.0,514.8,209.2,105.8,10.4,29.3,153.8,517.0,pm2_5,Severe
2023-01-11 12:00:00,8972.17,153.78,211.12,4.43,87.74,663.03,772.61,46.1,12,2023-01-11,Wednesday,565.2,601.5,231.1,102.6,11.5,4.4,187.2,601.5,pm10,Severe
2023-01-11 13:00:00,11001.59,227.09,205.64,0.07,87.74,745.71,885.86,48.64,13,2023-01-11,Wednesday,598.3,668.2,225.6,102.6,12.2,0.1,214.3,668.2,pm10,Severe
2023-01-11 14:00:00,11001.59,223.52,183.7,0.0,79.15,777.28,932.12,38.5,14,2023-01-11,Wednesday,610.9,695.4,203.7,98.9,9.6,0.0,214.3,695.4,pm10,Severe
2023-01-11 15:00:00,8972.17,153.78,150.8,0.0,62.94,704.48,838.63,22.55,15,2023-01-11,Wednesday,581.8,640.4,170.8,78.7,5.6,0.0,187.2,640.4,pm10,Severe
2023-01-11 16:00:00,4966.74,36.21,128.87,0.03,49.11,494.18,574.18,12.79,16,2023-01-11,Wednesday,497.7,484.8,148.9,61.4,3.2,0.0,137.1,497.7,pm2_5,Severe
2023-01-11 17:00:00,3952.03,10.95,120.64,0.93,43.87,471.31,543.74,11.4,17,2023-01-11,Wednesday,488.5,466.9,140.6,54.8,2.9,0.9,124.4,488.5,pm2_5,Severe
2023-01-11 18:00:00,3417.97,1.68,98.71,11.8,38.15,491.52,553.51,7.92,18,2023-01-11,Wednesday,496.6,472.7,118.7,47.7,2.0,11.8,117.7,496.6,pm2_5,Severe
2023-01-11 19:00:00,2830.51,0.01,63.75,37.55,29.09,483.58,529.44,4.88,19,2023-01-11,Wednesday,493.4,458.5,79.7,36.4,1.2,37.5,110.4,493.4,pm2_5,Severe
2023-01-11 20:00:00,2376.56,0.0,41.13,49.35,24.32,423.34,456.83,4.56,20,2023-01-11,Wednesday,469.3,415.8,51.4,30.4,1.1,49.4,104.7,469.3,pm2_5,Severe
2023-01-11 21:00:00,1976.01,0.0,31.19,50.78,24.32,347.58,373.73,4.69,21,2023-01-11,Wednesday,439.0,329.7,39.0,30.4,1.2,50.8,98.8,439.0,pm2_5,Severe
2023-01-11 22:00:00,1682.28,0.0,28.45,61.51,33.86,302.78,321.9,4.31,22,2023-01-11,Wednesday,421.1,271.9,35.6,42.3,1.1,61.5,84.1,421.1,pm2_5,Severe
2023-01-11 23:00:00,1548.77,0.0,28.1,67.23,37.67,291.99,305.38,4.05,23,2023-01-11,Wednesday,416.8,255.4,35.1,47.1,1.0,67.2,77.4,416.8,pm2_5,Severe
2023-01-12 00:00:00,1508.71,0.0,28.1,65.8,36.72,285.54,296.38,4.43,0,2023-01-12,Thursday,414.2,246.4,35.1,45.9,1.1,65.8,75.4,414.2,pm2_5,Severe
2023-01-12 01:00:00,1642.23,0.01,33.59,53.64,34.81,288.89,301.78,6.46,1,2023-01-12,Thursday,415.6,251.8,42.0,43.5,1.6,53.6,82.1,415.6,pm2_5,Severe
2023-01-12 02:00:00,2136.23,0.64,53.47,23.6,36.24,319.02,340.65,10.01,2,2023-01-12,Thursday,427.6,290.6,66.8,45.3,2.5,23.6,101.7,427.6,pm2_5,Severe
2023-01-12 03:00:00,2616.88,8.16,69.23,5.41,40.53,344.67,373.58,11.4,3,2023-01-12,Thursday,437.9,329.5,86.5,50.7,2.9,5.4,107.7,437.9,pm2_5,Severe
2023-01-12 04:00:00,2696.99,14.53,66.49,19.85,43.39,344.66,375.5,11.78,4,2023-01-12,Thursday,437.9,331.9,83.1,54.2,2.9,19.9,108.7,437.9,pm2_5,Severe
2023-01-12 05:00:00,2456.67,12.07,61.01,50.07,48.16,334.63,363.47,13.3,5,2023-01-12,Thursday,433.9,316.8,76.3,60.2,3.3,50.1,105.7,433.9,pm2_5,Severe
2023-01-12 06:00:00,2216.34,9.5,56.21,80.11,56.27,329.12,354.62,13.17,6,2023-01-12,Thursday,431.6,305.8,70.3,70.3,3.3,80.1,102.7,431.6,pm2_5,Severe
2023-01-12 07:00:00,1348.5,4.47,39.07,128.75,64.85,251.19,266.75,4.56,7,2023-01-12,Thursday,400.5,216.8,48.8,81.1,1.1,142.3,67.4,400.5,pm2_5,Severe
2023-01-12 08:00:00,1214.98,3.91,37.01,138.76,68.66,250.22,265.49,4.12,8,2023-01-12,Thursday,400.1,215.5,46.3,85.8,1.0,157.0,60.7,400.1,pm2_5,Severe
2023-01-12 09:00:00,1201.63,3.74,41.47,140.19,78.2,255.9,271.98,4.75,9,2023-01-12,Thursday,402.4,222.0,51.8,97.8,1.2,159.1,60.1,402.4,pm2_5,Severe
2023-01-12 10:00:00,1428.6,3.63,55.52,123.02,82.02,265.43,284.83,8.61,10,2023-01-12,Thursday,406.2,234.8,69.4,100.7,2.2,133.9,71.4,406.2,pm2_5,Severe
2023-01-12 11:00:00,1815.8,2.37,70.6,97.27,67.71,282.85,306.61,13.43,11,2023-01-12,Thursday,413.1,256.6,88.2,84.6,3.4,97.3,90.8,413.1,pm2_5,Severe
2023-01-12 12:00:00,2109.53,0.57,85.0,66.52,55.79,287.81,314.83,15.45,12,2023-01-12,Thursday,415.1,264.8,105.0,69.7,3.9,66.5,101.4,415.1,pm2_5,Severe
2023-01-12 13:00:00,2483.37,0.04,101.45,38.27,50.54,295.78,328.34,16.47,13,2023-01-12,Thursday,418.3,278.3,121.5,63.2,4.1,38.3,106.0,418.3,pm2_5,Severe
2023-01-12 14:00:00,2750.4,0.43,108.3,18.78,46.73,302.39,343.18,16.09,14,2023-01-12,Thursday,421.0,293.2,128.3,58.4,4.0,18.8,109.4,421.0,pm2_5,Severe
2023-01-12 15:00:00,2777.1,1.45,102.82,9.48,41.96,302.71,347.94,13.68,15,2023-01-12,Thursday,421.1,297.9,122.8,52.5,3.4,9.5,109.7,421.1,pm2_5,Severe
2023-01-12 16:00:00,2616.88,1.69,89.11,7.96,36.24,297.88,342.95,11.27,16,2023-01-12,Thursday,419.2,292.9,109.1,45.3,2.8,8.0,107.7,419.2,pm2_5,Severe
2023-01-12 17:00:00,2429.96,1.19,76.77,9.83,32.9,303.1,346.78,10.01,17,2023-01-12,Thursday,421.2,296.8,96.0,41.1,2.5,9.8,105.4,421.2,pm2_5,Severe
2023-01-12 18:00:00,2162.93,0.55,65.12,14.48,29.56,301.4,338.68,7.47,18,2023-01-12,Thursday,420.6,288.7,81.4,36.9,1.9,14.5,102.0,420.6,pm2_5,Severe
2023-01-12 19:00:00,1789.09,0.09,50.72,24.68,25.99,287.98,315.13,4.56,19,2023-01-12,Thursday,415.2,265.1,63.4,32.5,1.1,24.7,89.5,415.2,pm2_5,Severe
2023-01-12 20:00:00,1575.47,0.02,39.41,33.62,25.99,296.45,318.31,3.48,20,2023-01-12,Thursday,418.6,268.3,49.3,32.5,0.9,33.6,78.8,418.6,pm2_5,Severe
2023-01-12 21:00:00,1482.01,0.01,32.9,39.7,27.42,322.54,342.95,2.69,21,2023-01-12,Thursday,429.0,292.9,41.1,34.3,0.7,39.7,74.1,429.0,pm2_5,Severe
2023-01-12 22:00:00,1428.6,0.0,30.16,43.27,29.56,334.86,354.96,2.47,22,2023-01-12,Thursday,433.9,306.2,37.7,36.9,0.6,43.3,71.4,433.9,pm2_5,Severe
2023-01-12 23:00:00,1375.2,0.0,28.79,44.7,30.28,325.23,344.31,2.63,23,2023-01-12,Thursday,430.1,294.3,36.0,37.9,0.7,44.7,68.8,430.1,pm2_5,Severe
2023-01-13 00:00:00,1348.5,0.01,30.16,42.92,34.33,315.53,333.68,2.66,0,2023-01-13,Friday,426.2,283.7,37.7,42.9,0.7,42.9,67.4,426.2,pm2_5,Severe
2023-01-13 01:00:00,1455.31,0.07,38.39,34.33,47.21,310.23,328.53,3.2,1,2023-01-13,Friday,424.1,278.5,48.0,59.0,0.8,34.3,72.8,424.1,pm2_5,Severe
2023-01-13 02:00:00,1869.2,2.1,58.95,13.05,59.13,314.42,338.65,6.4,2,2023-01-13,Friday,425.8,288.6,73.7,73.9,1.6,13.1,93.5,425.8,pm2_5,Severe
2023-01-13 03:00:00,2403.26,17.66,67.86,1.68,66.76,317.4,349.25,10.01,3,2023-01-13,Friday,427.0,299.2,84.8,83.5,2.5,1.7,105.0,427.0,pm2_5,Severe
2023-01-13 04:00:00,2616.88,29.06,63.75,6.17,71.53,305.62,340.9,11.65,4,2023-01-13,Friday,422.2,290.9,79.7,89.4,2.9,6.2,107.7,422.2,pm2_5,Severe
2023-01-13 05:00:00,2376.56,24.59,60.32,12.52,77.25,272.63,304.38,11.53,5,2023-01-13,Friday,409.1,254.4,75.4,96.6,2.9,12.5,104.7,409.1,pm2_5,Severe
2023-01-13 06:00:00,2002.72,17.43,60.32,16.63,84.88,238.26,262.89,9.75,6,2023-01-13,Friday,391.0,212.9,75.4,101.6,2.4,16.6,100.0,391.0,pm2_5,Very Poor
2023-01-13 07:00:00,1361.85,8.05,58.26,45.42,97.27,204.97,218.48,3.83,7,2023-01-13,Friday,365.4,179.0,72.8,105.8,1.0,45.4,68.1,365.4,pm2_5,Very Poor
2023-01-13 08:00:00,1228.33,9.61,55.52,63.66,98.23,197.79,209.44,3.51,8,2023-01-13,Friday,359.8,173.0,69.4,106.1,0.9,63.7,61.4,359.8,pm2_5,Very Poor
2023-01-13 09:00:00,1174.93,11.29,56.21,69.38,102.04,189.25,200.89,3.93,9,2023-01-13,Friday,353.3,167.3,70.3,107.3,1.0,69.4,58.7,353.3,pm2_5,Very Poor
2023-01-13 10:00:00,2670.29,44.26,83.63,27.89,82.02,252.73,286.67,15.33,10,2023-01-13,Friday,401.1,236.7,103.6,100.7,3.8,27.9,108.4,401.1,pm2_5,Severe
2023-01-13 11:00:00,5126.95,116.23,100.08,5.59,70.57,355.89,421.5,26.35,11,2023-01-13,Friday,442.4,389.4,120.1,88.2,6.6,5.6,139.1,442.4,pm2_5,Severe
2023-01-13 12:00:00,7690.43,214.58,106.93,0.52,83.92,455.53,550.98,44.58,12,2023-01-13,Friday,482.2,471.2,126.9,101.3,11.1,0.5,171.1,482.2,pm2_5,Severe
2023-01-13 13:00:00,10360.72,307.56,119.27,0.0,137.33,582.28,721.54,91.2,13,2023-01-13,Friday,532.9,571.5,139.3,119.1,22.8,0.0,205.2,571.5,pm10,Severe
2023-01-13 14:00:00,12924.19,364.78,130.24,0.0,207.9,750.06,943.37,151.99,14,2023-01-13,Friday,600.0,702.0,150.2,142.6,38.0,0.0,241.8,702.0,pm10,Severe
2023-01-13 15:00:00,14953.61,389.81,134.35,0.0,274.66,938.28,1176.35,208.74,15,2023-01-13,Friday,675.3,839.0,154.3,164.9,52.2,0.0,270.8,839.0,pm10,Severe
2023-01-13 16:00:00,16235.35,389.81,132.98,0.0,316.62,1074.91,1337.24,247.24,16,2023-01-13,Friday,730.0,933.7,153.0,178.9,61.8,0.0,289.1,933.7,pm10,Severe
2023-01-13 17:00:00,16876.22,382.66,128.87,0.0,339.51,1174.7,1448.28,267.51,17,2023-01-13,Friday,769.9,999.0,148.9,186.5,66.9,0.0,298.2,999.0,pm10,Severe
2023-01-13 18:00:00,16662.6,371.93,124.75,0.0,335.69,1225.39,1448.7,257.37,18,2023-01-13,Friday,790.2,999.2,144.8,185.2,64.3,0.0,295.2,999.2,pm10,Severe
2023-01-13 19:00:00,16235.35,368.36,111.04,0.0,179.29,1232.62,1355.2,102.34,19,2023-01-13,Friday,793.0,944.2,131.0,133.1,25.6,0.0,289.1,944.2,pm10,Severe
2023-01-13 20:00:00,15594.48,368.36,97.33,0.0,62.94,1278.35,1342.18,19.0,20,2023-01-13,Friday,811.3,936.6,117.3,78.7,4.8,0.0,279.9,936.6,pm10,Severe
2023-01-13 21:00:00,13671.88,325.44,79.51,0.0,32.9,1204.33,1238.17,6.78,21,2023-01-13,Friday,781.7,875.4,99.4,41.1,1.7,0.0,252.5,875.4,pm10,Severe
2023-01-13 22:00:00,5607.6,101.92,82.94,0.0,60.08,588.92,607.98,4.81,22,2023-01-13,Friday,535.6,504.7,102.9,75.1,1.2,0.0,145.1,535.6,pm2_5,Severe
2023-01-13 23:00:00,2964.02,31.74,63.06,0.0,32.42,388.75,405.43,3.64,23,2023-01-13,Friday,455.5,369.3,78.8,40.5,0.9,0.0,112.1,455.5,pm2_5,Severe
2023-01-14 00:00:00,1949.31,8.94,49.35,0.36,23.84,313.15,328.57,3.89,0,2023-01-14,Saturday,425.3,278.6,61.7,29.8,1.0,0.4,97.5,425.3,pm2_5,Severe
2023-01-14 01:00:00,1789.09,5.87,43.18,1.17,25.99,296.69,313.95,5.13,1,2023-01-14,Saturday,418.7,263.9,54.0,32.5,1.3,1.2,89.5,418.7,pm2_5,Severe
2023-01-14 02:00:00,2029.42,11.62,42.5,0.4,32.42,308.95,334.15,7.79,2,2023-01-14,Saturday,423.6,284.1,53.1,40.5,1.9,0.4,100.4,423.6,pm2_5,Severe
2023-01-14 03:00:00,2136.23,16.76,42.16,1.05,37.67,311.38,341.26,8.74,3,2023-01-14,Saturday,424.6,291.3,52.7,47.1,2.2,1.1,101.7,424.6,pm2_5,Severe
2023-01-14 04:00:00,1815.8,8.94,38.39,13.77,42.44,283.89,311.15,5.76,4,2023-01-14,Saturday,413.6,261.1,48.0,53.0,1.4,13.8,90.8,413.6,pm2_5,Severe
2023-01-14 05:00:00,1708.98,9.95,31.87,30.04,43.39,272.5,297.96,7.16,5,2023-01-14,Saturday,409.0,248.0,39.8,54.2,1.8,30.0,85.4,409.0,pm2_5,Severe
2023-01-14 06:00:00,1642.23,8.94,29.13,53.64,43.87,268.21,291.27,8.74,6,2023-01-14,Saturday,407.3,241.3,36.4,54.8,2.2,53.6,82.1,407.3,pm2_5,Severe
2023-01-14 07:00:00,1428.6,4.41,21.42,98.71,34.33,235.46,255.9,6.14,7,2023-01-14,Saturday,388.8,205.9,26.8,42.9,1.5,98.7,71.4,388.8,pm2_5,Very Poor
2023-01-14 08:00:00,1335.14,2.51,16.96,130.18,30.28,228.21,248.37,5.19,8,2023-01-14,Saturday,383.2,198.9,21.2,37.9,1.3,144.4,66.8,383.2,pm2_5,Very Poor
2023-01-14 09:00:00,1295.09,1.93,16.62,144.48,32.42,232.95,253.92,5.57,9,2023-01-14,Saturday,386.9,203.9,20.8,40.5,1.4,165.4,64.8,386.9,pm2_5,Very Poor
2023-01-14 10:00:00,1401.9,2.24,23.99,137.33,37.19,233.89,257.07,7.92,10,2023-01-14,Saturday,387.6,207.1,30.0,46.5,2.0,154.9,70.1,387.6,pm2_5,Very Poor
2023-01-14 11:00:00,1535.42,2.24,37.7,113.01,40.05,224.51,249.84,11.65,11,2023-01-14,Saturday,380.4,199.9,47.1,50.1,2.9,119.1,76.8,380.4,pm2_5,Very Poor
2023-01-14 12:00:00,1588.82,0.76,52.09,82.97,38.62,194.58,220.49,14.82,12,2023-01-14,Saturday,357.4,180.3,65.1,48.3,3.7,83.0,79.4,357.4,pm2_5,Very Poor
2023-01-14 13:00:00,1655.58,0.01,58.95,62.23,38.62,171.45,198.75,18.75,13,2023-01-14,Saturday,339.6,165.8,73.7,48.3,4.7,62.2,82.8,339.6,pm2_5,Very Poor
2023-01-14 14:00:00,1682.28,0.0,55.52,59.37,37.67,162.23,192.21,22.55,14,2023-01-14,Saturday,332.5,161.5,69.4,47.1,5.6,59.4,84.1,332.5,pm2_5,Very Poor
2023-01-14 15:00:00,1628.88,0.0,47.3,63.66,35.29,157.02,187.47,24.57,15,2023-01-14,Saturday,328.5,158.3,59.1,44.1,6.1,63.7,81.4,328.5,pm2_5,Very Poor
2023-01-14 16:00:00,1562.12,0.0,41.13,69.38,32.42,153.68,183.13,24.83,16,2023-01-14,Saturday,325.9,155.4,51.4,40.5,6.2,69.4,78.1,325.9,pm2_5,Very Poor
2023-01-14 17:00:00,1495.36,0.0,37.7,72.24,30.52,152.97,181.32,22.55,17,2023-01-14,Saturday,325.4,154.2,47.1,38.1,5.6,72.2,74.8,325.4,pm2_5,Very Poor
2023-01-14 18:00:00,1361.85,0.0,33.24,75.1,26.23,151.19,175.88,16.09,18,2023-01-14,Saturday,324.0,150.6,41.6,32.8,4.0,75.1,68.1,324.0,pm2_5,Very Poor
2023-01-14 19:00:00,1188.28,0.0,27.42,77.96,21.7,154.16,173.78,9.12,19,2023-01-14,Saturday,326.3,149.2,34.3,27.1,2.3,78.0,59.4,326.3,pm2_5,Very Poor
2023-01-14 20:00:00,1161.58,0.0,23.31,75.82,20.27,169.64,186.87,5.64,20,2023-01-14,Saturday,338.2,157.9,29.1,25.3,1.4,75.8,58.1,338.2,pm2_5,Very Poor
2023-01-14 21:00:00,1188.28,0.0,21.25,70.1,19.55,181.0,196.71,4.05,21,2023-01-14,Saturday,346.9,164.5,26.6,24.4,1.0,70.1,59.4,346.9,pm2_5,Very Poor
2023-01-14 22:00:00,1188.28,0.0,20.22,63.66,19.07,177.13,191.22,3.7,22,2023-01-14,Saturday,343.9,160.8,25.3,23.8,0.9,63.7,59.4,343.9,pm2_5,Very Poor
2023-01-14 23:00:00,1148.22,0.0,20.05,58.65,19.55,165.43,178.29,3.61,23,2023-01-14,Saturday,334.9,152.2,25.1,24.4,0.9,58.6,57.4,334.9,pm2_5,Very Poor
2023-01-15 00:00:00,1134.87,0.0,21.76,55.07,21.7,158.37,171.09,3.7,0,2023-01-15,Sunday,329.5,147.4,27.2,27.1,0.9,55.1,56.7,329.5,pm2_5,Very Poor
2023-01-15 01:00:00,1201.63,0.01,27.42,48.64,25.75,158.77,173.53,4.69,1,2023-01-15,Sunday,329.8,149.0,34.3,32.2,1.2,48.6,60.1,329.8,pm2_5,Very Poor
2023-01-15 02:00:00,1401.9,0.11,39.41,34.69,31.47,163.78,183.32,6.78,2,2023-01-15,Sunday,333.7,155.5,49.3,39.3,1.7,34.7,70.1,333.7,pm2_5,Very Poor
2023-01-15 03:00:00,1548.77,2.74,47.3,24.68,35.29,162.23,184.62,8.99,3,2023-01-15,Sunday,332.5,156.4,59.1,44.1,2.2,24.7,77.4,332.5,pm2_5,Very Poor
2023-01-15 04:00:00,1562.12,10.62,40.1,35.05,38.62,153.69,176.94,11.65,4,2023-01-15,Sunday,325.9,151.3,50.1,48.3,2.9,35.0,78.1,325.9,pm2_5,Very Poor
2023-01-15 05:00:00,1482.01,12.07,34.96,52.21,43.39,141.52,164.52,14.44,5,2023-01-15,Sunday,316.6,143.0,43.7,54.2,3.6,52.2,74.1,316.6,pm2_5,Very Poor
2023-01-15 06:00:00,1308.44,9.39,31.87,78.68,47.68,124.87,145.12,14.31,6,2023-01-15,Sunday,303.7,130.1,39.8,59.6,3.6,78.7,65.4,303.7,pm2_5,Very Poor
2023-01-15 07:00:00,761.03,3.38,16.45,123.02,32.42,69.0,79.58,6.97,7,2023-01-15,Sunday,130.0,79.6,20.6,40.5,1.7,133.9,38.1,133.9,o3,Moderate
2023-01-15 08:00:00,654.22,2.49,13.37,134.47,27.89,60.1,69.08,6.14,8,2023-01-15,Sunday,100.3,69.1,16.7,34.9,1.5,150.7,32.7,150.7,o3,Moderate
2023-01-15 09:00:00,654.22,2.29,14.39,138.76,29.09,60.5,69.51,6.97,9,2023-01-15,Sunday,101.7,69.5,18.0,36.4,1.7,157.0,32.7,157.0,o3,Moderate
2023-01-15 10:00:00,894.55,3.69,25.7,124.45,34.33,71.34,84.41,10.51,10,2023-01-15,Sunday,137.8,84.4,32.1,42.9,2.6,136.0,44.7,137.8,pm2_5,Moderate
2023-01-15 11:00:00,1321.79,5.53,47.98,92.98,39.1,90.5,110.64,15.45,11,2023-01-15,Sunday,201.7,107.1,60.0,48.9,3.9,93.0,66.1,201.7,pm2_5,Poor
2023-01-15 12:00:00,1762.39,3.3,78.14,52.21,41.01,105.19,131.35,19.76,12,2023-01-15,Sunday,250.6,120.9,97.7,51.3,4.9,52.2,88.1,250.6,pm2_5,Poor
2023-01-15 13:00:00,2189.64,0.57,100.08,20.56,42.92,126.37,159.96,25.84,13,2023-01-15,Sunday,304.9,140.0,120.1,53.7,6.5,20.6,102.4,304.9,pm2_5,Very Poor
2023-01-15 14:00:00,2456.67,1.36,98.71,11.98,41.96,152.18,194.64,31.92,14,2023-01-15,Sunday,324.8,163.1,118.7,52.5,8.0,12.0,105.7,324.8,pm2_5,Very Poor
2023-01-15 15:00:00,2456.67,1.15,87.05,12.7,37.19,166.77,213.05,35.46,15,2023-01-15,Sunday,336.0,175.4,107.0,46.5,8.9,12.7,105.7,336.0,pm2_5,Very Poor
2023-01-15 16:00:00,2323.15,0.61,76.77,16.45,32.42,167.89,213.4,34.45,16,2023-01-15,Sunday,336.8,175.6,96.0,40.5,8.6,16.4,104.0,336.8,pm2_5,Very Poor
2023-01-15 17:00:00,2189.64,0.29,68.55,21.1,30.28,164.71,208.01,32.17,17,2023-01-15,Sunday,334.4,172.0,85.7,37.9,8.0,21.1,102.4,334.4,pm2_5,Very Poor
2023-01-15 18:00:00,1895.9,0.1,58.95,28.61,25.27,145.41,181.36,26.09,18,2023-01-15,Sunday,319.5,154.2,73.7,31.6,6.5,28.6,94.8,319.5,pm2_5,Very Poor
2023-01-15 19:00:00,1508.71,0.02,47.98,36.12,20.27,118.95,145.75,19.0,19,2023-01-15,Sunday,296.5,130.5,60.0,25.3,4.8,36.1,75.4,296.5,pm2_5,Poor
2023-01-15 20:00:00,1401.9,0.03,45.24,34.33,21.46,116.76,142.23,15.96,20,2023-01-15,Sunday,289.2,128.2,56.6,26.8,4.0,34.3,70.1,289.2,pm2_5,Poor
2023-01-15 21:00:00,1401.9,0.05,44.55,30.04,22.41,122.35,148.63,13.3,21,2023-01-15,Sunday,301.8,132.4,55.7,28.0,3.3,30.0,70.1,301.8,pm2_5,Very Poor
2023-01-15 22:00:00,1428.6,0.11,44.55,25.03,22.65,128.52,156.28,10.89,22,2023-01-15,Sunday,306.6,137.5,55.7,28.3,2.7,25.0,71.4,306.6,pm2_5,Very Poor
2023-01-15 23:00:00,1455.31,0.28,45.93,19.31,22.89,134.07,162.56,9.37,23,2023-01-15,Sunday,310.8,141.7,57.4,28.6,2.3,19.3,72.8,310.8,pm2_5,Very Poor
2023-01-16 00:00:00,1575.47,1.19,50.72,11.0,24.32,143.95,174.02,8.99,0,2023-01-16,Monday,318.4,149.3,63.4,30.4,2.2,11.0,78.8,318.4,pm2_5,Very Poor
2023-01-16 01:00:00,1976.01,9.39,57.58,2.19,30.52,170.71,207.91,12.03,1,2023-01-16,Monday,339.0,171.9,72.0,38.1,3.0,2.2,98.8,339.0,pm2_5,Very Poor
2023-01-16 02:00:00,2857.21,37.1,61.01,0.01,41.48,225.97,280.04,19.0,2,2023-01-16,Monday,381.5,230.0,76.3,51.8,4.8,0.0,110.7,381.5,pm2_5,Very Poor
2023-01-16 03:00:00,3578.19,66.16,63.75,1.52,47.68,260.58,325.94,23.31,3,2023-01-16,Monday,404.2,275.9,79.7,59.6,5.8,1.5,119.7,404.2,pm2_5,Severe
2023-01-16 04:00:00,3791.81,78.68,62.38,7.96,52.93,267.0,335.34,27.61,4,2023-01-16,Monday,406.8,285.3,78.0,66.2,6.9,8.0,122.4,406.8,pm2_5,Severe
2023-01-16 05:00:00,3898.62,73.31,71.97,18.24,61.99,282.61,355.72,35.46,5,2023-01-16,Monday,413.0,307.2,90.0,77.5,8.9,18.2,123.7,413.0,pm2_5,Severe
2023-01-16 06:00:00,3685.0,50.51,86.37,40.41,72.48,288.64,361.23,36.48,6,2023-01-16,Monday,415.5,314.0,106.4,90.6,9.1,40.4,121.1,415.5,pm2_5,Severe
2023-01-16 07:00:00,1255.04,9.5,40.78,111.58,64.85,107.68,132.54,13.55,7,2023-01-16,Monday,258.9,121.7,51.0,81.1,3.4,117.0,62.8,258.9,pm2_5,Poor
2023-01-16 08:00:00,881.2,5.2,27.08,130.18,51.5,78.25,95.97,9.5,8,2023-01-16,Monday,160.8,96.0,33.8,64.4,2.4,144.4,44.1,160.8,pm2_5,Moderate
2023-01-16 09:00:00,801.09,4.02,24.68,135.9,49.11,74.76,91.35,9.12,9,2023-01-16,Monday,149.2,91.3,30.9,61.4,2.3,152.8,40.1,152.8,o3,Moderate
2023-01-16 10:00:00,1201.63,6.59,41.47,111.58,53.88,97.21,120.9,14.82,10,2023-01-16,Monday,224.0,113.9,51.8,67.3,3.7,117.0,60.1,224.0,pm2_5,Poor
2023-01-16 11:00:00,1949.31,11.51,74.03,67.23,58.65,135.85,172.38,22.8,11,2023-01-16,Monday,312.2,148.3,92.5,73.3,5.7,67.2,97.5,312.2,pm2_5,Very Poor
2023-01-16 12:00:00,2670.29,15.65,111.04,18.24,59.13,163.88,211.14,29.13,12,2023-01-16,Monday,333.8,174.1,131.0,73.9,7.3,18.2,108.4,333.8,pm2_5,Very Poor
2023-01-16 13:00:00,3257.75,28.16,117.9,0.11,60.08,194.19,251.7,36.98,13,2023-01-16,Monday,357.1,201.7,137.9,75.1,9.2,0.1,115.7,357.1,pm2_5,Very Poor
2023-01-16 14:00:00,3417.97,28.16,106.93,0.03,57.7,216.9,282.68,43.06,14,2023-01-16,Monday,374.5,232.7,126.9,72.1,10.8,0.0,117.7,374.5,pm2_5,Very Poor
2023-01-16 15:00:00,3231.05,18.78,94.59,0.22,51.02,220.84,288.27,43.06,15,2023-01-16,Monday,377.6,238.3,114.6,63.8,10.8,0.2,115.4,377.6,pm2_5,Very Poor
2023-01-16 16:00:00,2990.72,11.4,85.68,0.75,45.3,214.92,279.29,38.0,16,2023-01-16,Monday,373.0,229.3,105.7,56.6,9.5,0.8,112.4,373.0,pm2_5,Very Poor
2023-01-16 17:00:00,2857.21,8.72,80.2,1.31,41.48,211.19,274.45,31.92,17,2023-01-16,Monday,370.1,224.4,100.2,51.8,8.0,1.3,110.7,370.1,pm2_5,Very Poor
2023-01-16 18:00:00,2536.77,5.48,76.09,2.91,33.86,185.68,240.9,22.04,18,2023-01-16,Monday,350.5,193.9,95.1,42.3,5.5,2.9,106.7,350.5,pm2_5,Very Poor
2023-01-16 19:00:00,1976.01,1.47,67.17,9.48,25.51,147.21,188.47,12.54,19,2023-01-16,Monday,320.9,159.0,84.0,31.9,3.1,9.5,98.8,320.9,pm2_5,Very Poor
2023-01-16 20:00:00,1682.28,0.29,56.21,18.78,22.65,132.55,165.51,9.12,20,2023-01-16,Monday,309.7,143.7,70.3,28.3,2.3,18.8,84.1,309.7,pm2_5,Very Poor
2023-01-16 21:00:00,1548.77,0.13,49.35,23.6,21.7,131.16,160.76,7.6,21,2023-01-16,Monday,308.6,140.5,61.7,27.1,1.9,23.6,77.4,308.6,pm2_5,Very Poor
2023-01-16 22:00:00,1508.71,0.13,45.93,23.6,21.22,133.83,161.92,6.71,22,2023-01-16,Monday,310.6,141.3,57.4,26.5,1.7,23.6,75.4,310.6,pm2_5,Very Poor
2023-01-16 23:00:00,1495.36,0.2,45.24,21.1,21.22,137.84,164.64,6.21,23,2023-01-16,Monday,313.7,143.1,56.6,26.5,1.6,21.1,74.8,313.7,pm2_5,Very Poor
2023-01-17 00:00:00,1548.77,0.59,49.35,15.2,22.41,144.33,170.58,6.21,0,2023-01-17,Tuesday,318.7,147.1,61.7,28.0,1.6,15.2,77.4,318.7,pm2_5,Very Poor
2023-01-17 01:00:00,1842.5,4.41,58.26,5.9,27.89,167.75,198.52,8.49,1,2023-01-17,Tuesday,336.7,165.7,72.8,34.9,2.1,5.9,92.1,336.7,pm2_5,Very Poor
2023-01-17 02:00:00,2536.77,22.35,67.17,0.19,37.67,215.48,259.34,13.55,2,2023-01-17,Tuesday,373.4,209.3,84.0,47.1,3.4,0.2,106.7,373.4,pm2_5,Very Poor
2023-01-17 03:00:00,3044.13,41.13,71.97,2.62,44.35,246.35,297.14,16.72,3,2023-01-17,Tuesday,397.2,247.1,90.0,55.4,4.2,2.6,113.1,397.2,pm2_5,Very Poor
2023-01-17 04:00:00,3150.94,48.28,69.92,13.95,51.02,256.75,309.29,20.52,4,2023-01-17,Tuesday,402.7,259.3,87.4,63.8,5.1,13.9,114.4,402.7,pm2_5,Severe
2023-01-17 05:00:00,3150.94,42.02,73.34,31.83,61.04,271.32,325.97,27.36,5,2023-01-17,Tuesday,408.5,276.0,91.7,76.3,6.8,31.8,114.4,408.5,pm2_5,Severe
2023-01-17 06:00:00,2830.51,26.15,73.34,65.09,74.39,270.49,319.78,27.11,6,2023-01-17,Tuesday,408.2,269.8,91.7,93.0,6.8,65.1,110.4,408.2,pm2_5,Severe
2023-01-17 07:00:00,1375.2,6.65,37.01,137.33,67.71,148.12,169.33,12.16,7,2023-01-17,Tuesday,321.6,146.2,46.3,84.6,3.0,154.9,68.8,321.6,pm2_5,Very Poor
2023-01-17 08:00:00,1134.87,4.3,27.76,155.93,57.22,126.59,144.0,10.64,8,2023-01-17,Tuesday,305.1,129.3,34.7,71.5,2.7,182.2,56.7,305.1,pm2_5,Very Poor
2023-01-17 09:00:00,1094.82,3.41,26.05,164.51,55.79,119.8,136.09,11.27,9,2023-01-17,Tuesday,299.3,124.1,32.6,69.7,2.8,194.9,54.7,299.3,pm2_5,Poor
2023-01-17 10:00:00,1468.66,5.64,43.87,134.47,57.22,135.93,158.82,16.47,10,2023-01-17,Tuesday,312.3,139.2,54.8,71.5,4.1,150.7,73.4,312.3,pm2_5,Very Poor
2023-01-17 11:00:00,2189.64,10.17,80.2,78.68,60.56,169.84,205.45,23.56,11,2023-01-17,Tuesday,338.3,170.3,100.2,75.7,5.9,78.7,102.4,338.3,pm2_5,Very Poor
2023-01-17 12:00:00,2910.61,14.75,119.27,20.38,61.04,194.87,241.32,30.4,12,2023-01-17,Tuesday,357.6,194.2,139.3,76.3,7.6,20.4,111.4,357.6,pm2_5,Very Poor
2023-01-17 13:00:00,3791.81,38.89,124.75,0.09,63.9,238.67,301.52,41.04,13,2023-01-17,Tuesday,391.3,251.5,144.8,79.9,10.3,0.1,122.4,391.3,pm2_5,Very Poor
2023-01-17 14:00:00,4592.9,60.8,111.04,0.0,65.8,305.23,390.49,53.2,14,2023-01-17,Tuesday,422.1,350.6,131.0,82.2,13.3,0.0,132.4,422.1,pm2_5,Severe
2023-01-17 15:00:00,5020.14,65.27,98.71,0.0,61.99,358.48,460.54,59.28,15,2023-01-17,Tuesday,443.4,418.0,118.7,77.5,14.8,0.0,137.8,443.4,pm2_5,Severe
2023-01-17 16:00:00,5340.58,68.84,89.11,0.0,57.22,401.68,512.11,56.24,16,2023-01-17,Tuesday,460.7,448.3,109.1,71.5,14.1,0.0,141.8,460.7,pm2_5,Severe
2023-01-17 17:00:00,5767.82,77.78,82.94,0.0,53.41,444.82,564.57,47.12,17,2023-01-17,Tuesday,477.9,479.2,102.9,66.8,11.8,0.0,147.1,479.2,pm10,Severe
2023-01-17 18:00:00,5554.2,77.78,78.83,0.0,42.44,432.54,543.95,30.65,18,2023-01-17,Tuesday,473.0,467.0,98.5,53.0,7.7,0.0,144.4,473.0,pm2_5,Severe
2023-01-17 19:00:00,4592.9,64.37,72.66,0.0,29.56,364.15,450.45,15.96,19,2023-01-17,Tuesday,445.7,412.0,90.8,36.9,4.0,0.0,132.4,445.7,pm2_5,Severe
2023-01-17 20:00:00,3845.21,47.83,67.17,0.0,26.23,321.49,391.1,12.16,20,2023-01-17,Tuesday,428.6,351.4,84.0,32.8,3.0,0.0,123.1,428.6,pm2_5,Severe
2023-01-17 21:00:00,3417.97,36.21,62.38,0.0,25.75,305.1,366.37,10.77,21,2023-01-17,Tuesday,422.0,320.5,78.0,32.2,2.7,0.0,117.7,422.0,pm2_5,Severe
2023-01-17 22:00:00,3124.24,28.61,58.26,0.01,25.51,296.04,352.72,10.01,22,2023-01-17,Tuesday,418.4,303.4,72.8,31.9,2.5,0.0,114.1,418.4,pm2_5,Severe
2023-01-17 23:00:00,2910.61,23.92,55.52,0.02,25.27,288.16,340.81,9.25,23,2023-01-17,Tuesday,415.3,290.8,69.4,31.6,2.3,0.0,111.4,415.3,pm2_5,Severe
2023-01-18 00:00:00,2803.8,23.02,55.52,0.03,26.7,284.09,333.86,9.37,0,2023-01-18,Wednesday,413.6,283.9,69.4,33.4,2.3,0.0,110.0,413.6,pm2_5,Severe
2023-01-18 01:00:00,3070.83,30.85,60.32,0.02,33.86,301.09,354.67,13.05,1,2023-01-18,Wednesday,420.4,305.8,75.4,42.3,3.3,0.0,113.4,420.4,pm2_5,Severe
2023-01-18 02:00:00,4165.65,62.58,70.6,0.0,45.78,370.17,443.34,20.01,2,2023-01-18,Wednesday,448.1,407.8,88.2,57.2,5.0,0.0,127.1,448.1,pm2_5,Severe
2023-01-18 03:00:00,5073.55,95.67,80.2,1.25,52.93,410.65,494.38,24.07,3,2023-01-18,Wednesday,464.3,437.9,100.2,66.2,6.0,1.2,138.4,464.3,pm2_5,Severe
2023-01-18 04:00:00,5126.95,101.92,85.68,7.96,59.6,407.22,489.24,29.39,4,2023-01-18,Wednesday,462.9,434.8,105.7,74.5,7.3,8.0,139.1,462.9,pm2_5,Severe
2023-01-18 05:00:00,5233.76,87.62,102.82,20.92,71.53,423.13,508.0,39.01,5,2023-01-18,Wednesday,469.3,445.9,122.8,89.4,9.8,20.9,140.4,469.3,pm2_5,Severe
2023-01-18 06:00:00,5126.95,56.33,126.12,50.78,86.78,449.46,534.39,39.52,6,2023-01-18,Wednesday,479.8,461.4,146.1,102.3,9.9,50.8,139.1,479.8,pm2_5,Severe
2023-01-18 07:00:00,1789.09,11.51,60.32,127.32,93.46,185.68,217.31,14.06,7,2023-01-18,Wednesday,350.5,178.2,75.4,104.5,3.5,140.2,89.5,350.5,pm2_5,Very Poor
2023-01-18 08:00:00,1335.14,6.93,43.18,148.77,78.2,157.52,183.13,10.64,8,2023-01-18,Wednesday,328.9,155.4,54.0,97.8,2.7,171.7,66.8,328.9,pm2_5,Very Poor
2023-01-18 09:00:00,1214.98,5.14,38.73,157.36,72.48,152.58,176.16,10.51,9,2023-01-18,Wednesday,325.1,150.8,48.4,90.6,2.6,184.4,60.7,325.1,pm2_5,Very Poor
2023-01-18 10:00:00,2296.45,14.19,80.2,101.57,74.39,219.55,261.99,22.55,10,2023-01-18,Wednesday,376.6,212.0,100.2,93.0,5.6,102.3,103.7,376.6,pm2_5,Very Poor
2023-01-18 11:00:00,4219.06,44.7,132.98,31.11,78.2,328.29,400.24,36.98,11,2023-01-18,Wednesday,431.3,362.8,153.0,97.8,9.2,31.1,127.7,431.3,pm2_5,Severe
2023-01-18 12:00:00,5874.63,105.5,152.17,3.44,81.06,402.17,495.65,47.62,12,2023-01-18,Wednesday,460.9,438.6,172.2,100.4,11.9,3.4,148.4,460.9,pm2_5,Severe
2023-01-18 13:00:00,7263.18,159.14,150.8,0.02,88.69,474.24,586.38,61.81,13,2023-01-18,Wednesday,489.7,492.0,170.8,102.9,15.5,0.0,165.8,492.0,pm10,Severe
2023-01-18 14:00:00,7797.24,160.93,134.35,0.0,83.92,532.81,661.57,70.93,14,2023-01-18,Wednesday,513.1,536.2,154.3,101.3,17.7,0.0,172.5,536.2,pm10,Severe
2023-01-18 15:00:00,7156.37,125.17,109.67,0.0,69.62,522.2,652.64,66.88,15,2023-01-18,Wednesday,508.9,531.0,129.7,87.0,16.7,0.0,164.5,531.0,pm10,Severe
2023-01-18 16:00:00,6462.1,98.35,91.85,0.0,59.6,505.31,631.86,54.72,16,2023-01-18,Wednesday,502.1,518.7,111.8,74.5,13.7,0.0,155.8,518.7,pm10,Severe
2023-01-18 17:00:00,6782.53,101.92,83.63,0.0,57.7,545.74,687.07,47.12,17,2023-01-18,Wednesday,518.3,551.2,103.6,72.1,11.8,0.0,159.8,551.2,pm10,Severe
2023-01-18 18:00:00,6355.29,96.56,80.2,0.0,49.11,513.11,648.74,33.94,18,2023-01-18,Wednesday,505.2,528.7,100.2,61.4,8.5,0.0,154.4,528.7,pm10,Severe
2023-01-18 19:00:00,5073.55,76.0,73.34,0.0,35.29,412.78,521.29,19.76,19,2023-01-18,Wednesday,465.1,453.7,91.7,44.1,4.9,0.0,138.4,465.1,pm2_5,Severe
2023-01-18 20:00:00,3952.03,51.86,65.12,0.0,27.18,337.8,419.2,13.55,20,2023-01-18,Wednesday,435.1,386.5,81.4,34.0,3.4,0.0,124.4,435.1,pm2_5,Severe
2023-01-18 21:00:00,3070.83,29.5,60.32,0.03,24.08,282.69,342.19,11.27,21,2023-01-18,Wednesday,413.1,292.2,75.4,30.1,2.8,0.0,113.4,413.1,pm2_5,Severe
2023-01-18 22:00:00,2162.93,4.97,61.69,4.02,24.08,223.44,259.79,10.51,22,2023-01-18,Wednesday,379.6,209.8,77.1,30.1,2.6,4.0,102.0,379.6,pm2_5,Very Poor
2023-01-18 23:00:00,1815.8,0.37,53.47,16.81,25.51,208.04,234.65,10.77,23,2023-01-18,Wednesday,367.7,189.8,66.8,31.9,2.7,16.8,90.8,367.7,pm2_5,Very Poor
2023-01-19 00:00:00,1695.63,0.08,49.35,27.54,29.56,207.44,228.82,12.03,0,2023-01-19,Thursday,367.3,185.9,61.7,36.9,3.0,27.5,84.8,367.3,pm2_5,Very Poor
2023-01-19 01:00:00,1842.5,0.3,57.58,26.46,38.15,220.89,243.64,15.33,1,2023-01-19,Thursday,377.6,195.8,72.0,47.7,3.8,26.5,92.1,377.6,pm2_5,Very Poor
2023-01-19 02:00:00,2590.18,9.95,80.88,4.16,49.11,265.35,302.1,21.79,2,2023-01-19,Thursday,406.1,252.1,100.9,61.4,5.4,4.2,107.4,406.1,pm2_5,Severe
2023-01-19 03:00:00,3524.78,44.26,84.31,2.28,56.74,308.03,360.51,24.57,3,2023-01-19,Thursday,423.2,313.1,104.3,70.9,6.1,2.3,119.1,423.2,pm2_5,Severe
2023-01-19 04:00:00,4112.24,70.63,85.0,10.37,61.04,333.74,397.81,27.11,4,2023-01-19,Thursday,433.5,359.8,105.0,76.3,6.8,10.4,126.4,433.5,pm2_5,Severe
2023-01-19 05:00:00,4432.68,73.31,97.33,20.03,71.53,357.94,429.45,35.46,5,2023-01-19,Thursday,443.2,399.3,117.3,89.4,8.9,20.0,130.4,443.2,pm2_5,Severe
2023-01-19 06:00:00,4539.49,58.11,120.64,37.91,89.65,385.11,459.44,39.01,6,2023-01-19,Thursday,454.0,417.3,140.6,103.2,9.8,37.9,131.7,454.0,pm2_5,Severe
2023-01-19 07:00:00,2002.72,19.22,82.25,86.55,120.16,182.57,214.34,19.0,7,2023-01-19,Thursday,348.1,176.2,102.2,113.4,4.8,86.5,100.0,348.1,pm2_5,Very Poor
2023-01-19 08:00:00,1708.98,15.87,76.77,104.43,123.98,163.29,191.38,16.21,8,2023-01-19,Thursday,333.3,160.9,96.0,114.7,4.1,106.5,85.4,333.3,pm2_5,Very Poor
2023-01-19 09:00:00,2002.72,19.89,104.19,103.0,177.38,204.85,237.27,18.49,9,2023-01-19,Thursday,365.3,191.5,124.2,132.5,4.6,104.4,100.0,365.3,pm2_5,Very Poor
2023-01-19 10:00:00,4112.24,60.8,161.77,46.49,209.81,347.16,410.38,34.96,10,2023-01-19,Thursday,438.9,375.5,181.8,143.3,8.7,46.5,126.4,438.9,pm2_5,Severe
2023-01-19 11:00:00,7370.0,150.2,194.67,11.0,194.55,540.17,644.38,55.22,11,2023-01-19,Thursday,516.1,526.1,214.7,138.2,13.8,11.0,167.1,526.1,pm10,Severe
2023-01-19 12:00:00,10467.53,271.8,202.89,1.23,196.46,698.68,837.37,76.0,12,2023-01-19,Thursday,579.5,639.6,222.9,138.8,19.0,1.2,206.7,639.6,pm10,Severe
2023-01-19 13:00:00,13031.01,357.63,211.12,0.01,270.84,819.17,983.86,118.55,13,2023-01-19,Thursday,627.7,725.8,231.1,163.6,29.6,0.0,243.3,725.8,pm10,Severe
2023-01-19 14:00:00,15167.24,404.12,227.57,0.0,381.47,980.86,1166.04,176.31,14,2023-01-19,Thursday,692.3,833.0,247.6,200.3,44.1,0.0,273.8,833.0,pm10,Severe
2023-01-19 15:00:00,16448.97,425.58,246.76,0.0,461.58,1142.61,1335.34,202.66,15,2023-01-19,Thursday,757.0,932.6,266.8,219.4,50.7,0.0,292.1,932.6,pm10,Severe
2023-01-19 16:00:00,16448.97,411.27,263.21,0.0,495.91,1228.04,1415.28,196.58,16,2023-01-19,Thursday,791.2,979.6,283.2,227.6,49.1,0.0,292.1,979.6,pm10,Severe
2023-01-19 17:00:00,16662.6,382.66,252.25,0.0,511.17,1310.2,1499.27,204.68,17,2023-01-19,Thursday,824.1,1029.0,272.2,231.2,51.2,0.0,295.2,1029.0,pm10,Severe
2023-01-19 18:00:00,14526.37,293.25,213.86,0.0,381.47,1170.46,1351.85,174.28,18,2023-01-19,Thursday,768.2,942.3,233.9,200.3,43.6,0.0,264.7,942.3,pm10,Severe
2023-01-19 19:00:00,4592.9,42.02,131.61,0.07,106.81,464.47,538.42,25.33,19,2023-01-19,Thursday,485.8,463.8,151.6,108.9,6.3,0.1,132.4,485.8,pm2_5,Severe
2023-01-19 20:00:00,2323.15,2.54,95.96,9.66,59.13,322.9,367.89,8.87,20,2023-01-19,Thursday,429.2,322.4,116.0,73.9,2.2,9.7,104.0,429.2,pm2_5,Severe
2023-01-19 21:00:00,1789.09,0.01,56.89,42.92,38.15,298.87,327.32,7.35,21,2023-01-19,Thursday,419.5,277.3,71.1,47.7,1.8,42.9,89.5,419.5,pm2_5,Severe
2023-01-19 22:00:00,1869.2,0.0,38.39,66.52,26.94,323.87,346.48,6.59,22,2023-01-19,Thursday,429.5,296.5,48.0,33.7,1.6,66.5,93.5,429.5,pm2_5,Severe
2023-01-19 23:00:00,2189.64,0.0,37.01,67.95,25.99,358.99,383.47,6.46,23,2023-01-19,Thursday,443.6,341.8,46.3,32.5,1.6,68.0,102.4,443.6,pm2_5,Severe
2023-01-20 00:00:00,2563.48,0.0,46.61,55.07,31.47,393.99,424.09,8.61,0,2023-01-20,Friday,457.6,392.6,58.3,39.3,2.2,55.1,107.0,457.6,pm2_5,Severe
2023-01-20 01:00:00,3284.45,0.99,71.97,26.46,42.92,447.22,490.36,14.57,1,2023-01-20,Friday,478.9,435.5,90.0,53.7,3.6,26.5,116.1,478.9,pm2_5,Severe
2023-01-20 02:00:00,4539.49,21.23,98.71,0.91,58.65,526.46,590.1,20.27,2,2023-01-20,Friday,510.6,494.2,118.7,73.3,5.1,0.9,131.7,510.6,pm2_5,Severe
2023-01-20 03:00:00,4859.92,40.23,101.45,2.44,68.66,528.93,594.41,19.25,3,2023-01-20,Friday,511.6,496.7,121.5,85.8,4.8,2.4,135.7,511.6,pm2_5,Severe
2023-01-20 04:00:00,4005.43,29.95,89.11,18.6,81.06,463.23,516.12,18.75,4,2023-01-20,Friday,485.3,450.7,109.1,100.4,4.7,18.6,125.1,485.3,pm2_5,Severe
2023-01-20 05:00:00,3685.0,29.95,82.94,38.98,91.55,434.24,488.54,22.55,5,2023-01-20,Friday,473.7,434.4,102.9,103.8,5.6,39.0,121.1,473.7,pm2_5,Severe
2023-01-20 06:00:00,3150.94,23.92,78.83,63.66,101.09,376.92,427.04,23.05,6,2023-01-20,Friday,450.8,396.3,98.5,107.0,5.8,63.7,114.4,450.8,pm2_5,Severe
2023-01-20 07:00:00,2109.53,15.42,62.38,87.98,92.51,239.26,274.93,16.21,7,2023-01-20,Friday,391.7,224.9,78.0,104.2,4.1,88.0,101.4,391.7,pm2_5,Very Poor
2023-01-20 08:00:00,1548.77,11.18,48.67,95.84,78.2,165.95,194.61,13.93,8,2023-01-20,Friday,335.3,163.1,60.8,97.8,3.5,95.8,77.4,335.3,pm2_5,Very Poor
2023-01-20 09:00:00,1201.63,8.16,41.13,100.14,68.66,119.4,142.9,13.05,9,2023-01-20,Friday,298.0,128.6,51.4,85.8,3.3,100.2,60.1,298.0,pm2_5,Poor
2023-01-20 10:00:00,1201.63,7.82,43.53,86.55,63.9,97.83,121.09,15.45,10,2023-01-20,Friday,226.1,114.1,54.4,79.9,3.9,86.5,60.1,226.1,pm2_5,Poor
2023-01-20 11:00:00,1455.31,8.83,56.89,59.37,62.94,103.05,130.49,20.01,11,2023-01-20,Friday,243.5,120.3,71.1,78.7,5.0,59.4,72.8,243.5,pm2_5,Poor
2023-01-20 12:00:00,1695.63,7.1,76.77,22.17,61.04,103.51,134.93,23.81,12,2023-01-20,Friday,245.0,123.3,96.0,76.3,6.0,22.2,84.8,245.0,pm2_5,Poor
2023-01-20 13:00:00,2216.34,20.56,80.2,0.58,58.65,118.54,160.21,31.66,13,2023-01-20,Friday,295.1,140.1,100.2,73.3,7.9,0.6,102.7,295.1,pm2_5,Poor
2023-01-20 14:00:00,2883.91,41.57,71.97,0.0,58.65,158.28,219.03,42.56,14,2023-01-20,Friday,329.4,179.4,90.0,73.3,10.6,0.0,111.0,329.4,pm2_5,Very Poor
2023-01-20 15:00:00,3257.75,47.39,70.6,0.0,57.7,194.84,271.42,45.09,15,2023-01-20,Friday,357.6,221.4,88.2,72.1,11.3,0.0,115.7,357.6,pm2_5,Very Poor
2023-01-20 16:00:00,3631.59,52.3,69.92,0.0,56.74,238.58,327.27,36.98,16,2023-01-20,Friday,391.2,277.3,87.4,70.9,9.2,0.0,120.4,391.2,pm2_5,Very Poor
2023-01-20 17:00:00,4058.84,60.8,67.86,0.0,54.36,289.89,390.71,27.87,17,2023-01-20,Friday,416.0,350.9,84.8,68.0,7.0,0.0,125.7,416.0,pm2_5,Severe
2023-01-20 18:00:00,4005.43,63.48,63.06,0.0,44.82,301.17,402.0,19.0,18,2023-01-20,Friday,420.5,365.0,78.8,56.0,4.8,0.0,125.1,420.5,pm2_5,Severe
2023-01-20 19:00:00,3284.45,51.86,56.89,0.0,31.47,264.95,349.96,11.27,19,2023-01-20,Friday,406.0,300.0,71.1,39.3,2.8,0.0,116.1,406.0,pm2_5,Severe
2023-01-20 20:00:00,2483.37,30.4,50.72,0.0,22.89,230.19,293.78,7.47,20,2023-01-20,Friday,384.8,243.8,63.4,28.6,1.9,0.0,106.0,384.8,pm2_5,Very Poor
2023-01-20 21:00:00,1976.01,16.32,45.24,0.02,19.31,205.41,250.84,6.21,21,2023-01-20,Friday,365.7,200.8,56.6,24.1,1.6,0.0,98.8,365.7,pm2_5,Very Poor
2023-01-20 22:00:00,1708.98,9.16,39.76,0.15,17.64,189.06,223.3,5.51,22,2023-01-20,Friday,353.1,182.2,49.7,22.1,1.4,0.1,85.4,353.1,pm2_5,Very Poor
2023-01-20 23:00:00,1695.63,8.94,35.64,0.14,18.12,187.38,218.84,5.32,23,2023-01-20,Friday,351.8,179.2,44.5,22.7,1.3,0.1,84.8,351.8,pm2_5,Very Poor
2023-01-21 00:00:00,1815.8,12.96,33.93,0.04,20.74,199.65,231.62,5.95,0,2023-01-21,Saturday,361.3,187.7,42.4,25.9,1.5,0.0,90.8,361.3,pm2_5,Very Poor
2023-01-21 01:00:00,1562.12,4.92,30.5,0.59,7.75,194.92,227.19,6.02,1,2023-01-21,Saturday,357.6,184.8,38.1,9.7,1.5,0.6,78.1,357.6,pm2_5,Very Poor
2023-01-21 02:00:00,1842.5,13.3,29.13,0.02,10.61,214.18,261.37,7.79,2,2023-01-21,Saturday,372.4,211.4,36.4,13.3,1.9,0.0,92.1,372.4,pm2_5,Very Poor
2023-01-21 03:00:00,2136.23,24.59,26.39,1.13,13.35,228.57,291.13,8.99,3,2023-01-21,Saturday,383.5,241.1,33.0,16.7,2.2,1.1,101.7,383.5,pm2_5,Very Poor
2023-01-21 04:00:00,2376.56,33.08,22.96,5.81,16.21,235.98,312.52,9.75,4,2023-01-21,Saturday,389.2,262.5,28.7,20.3,2.4,5.8,104.7,389.2,pm2_5,Very Poor
2023-01-21 05:00:00,2456.67,29.95,27.76,15.91,18.36,234.26,320.1,10.64,5,2023-01-21,Saturday,387.9,270.1,34.7,22.9,2.7,15.9,105.7,387.9,pm2_5,Very Poor
2023-01-21 06:00:00,2376.56,19.0,37.7,43.27,20.5,237.21,325.85,12.03,6,2023-01-21,Saturday,390.2,275.9,47.1,25.6,3.0,43.3,104.7,390.2,pm2_5,Very Poor
2023-01-21 07:00:00,1255.04,8.38,33.24,91.55,68.67,146.14,184.06,8.99,7,2023-01-21,Saturday,320.1,156.0,41.6,85.8,2.2,91.5,62.8,320.1,pm2_5,Very Poor
2023-01-21 08:00:00,1174.93,9.16,42.16,103.0,119.21,152.45,184.86,7.35,8,2023-01-21,Saturday,325.0,156.6,52.7,113.1,1.8,104.4,58.7,325.0,pm2_5,Very Poor
2023-01-21 09:00:00,1335.14,10.62,60.32,108.72,173.57,184.8,218.71,7.47,9,2023-01-21,Saturday,349.8,179.1,75.4,131.2,1.9,112.8,66.8,349.8,pm2_5,Very Poor
2023-01-21 10:00:00,2002.72,14.53,80.2,76.53,156.4,239.82,296.15,14.57,10,2023-01-21,Saturday,392.2,246.1,100.2,125.5,3.6,76.5,100.0,392.2,pm2_5,Very Poor
2023-01-21 11:00:00,2990.72,16.54,116.53,45.78,150.68,307.68,396.63,29.89,11,2023-01-21,Saturday,423.1,358.3,136.5,123.6,7.5,45.8,112.4,423.1,pm2_5,Severe
2023-01-21 12:00:00,3845.22,13.86,163.14,14.48,156.4,353.18,466.35,47.12,12,2023-01-21,Saturday,441.3,421.4,183.1,125.5,11.8,14.5,123.1,441.3,pm2_5,Severe
2023-01-21 13:00:00,4112.24,16.32,180.96,0.41,143.05,360.49,491.3,63.33,13,2023-01-21,Saturday,444.2,436.1,201.0,121.0,15.8,0.4,126.4,444.2,pm2_5,Severe
2023-01-21 14:00:00,3952.03,16.54,165.88,0.17,113.49,347.1,494.6,78.02,14,2023-01-21,Saturday,438.8,438.0,185.9,111.2,19.5,0.2,124.4,438.8,pm2_5,Severe
2023-01-21 15:00:00,3524.78,13.08,137.09,0.32,79.16,313.89,465.03,80.05,15,2023-01-21,Saturday,425.6,420.6,157.1,98.9,20.0,0.3,119.1,425.6,pm2_5,Severe
2023-01-21 16:00:00,3097.53,13.64,101.45,0.18,41.49,278.54,422.18,46.61,16,2023-01-21,Saturday,411.4,390.2,121.5,51.9,11.7,0.2,113.7,411.4,pm2_5,Severe
2023-01-21 17:00:00,2696.99,16.76,71.97,0.07,24.08,249.8,385.96,27.11,17,2023-01-21,Saturday,399.8,344.9,90.0,30.1,6.8,0.1,108.7,399.8,pm2_5,Very Poor
2023-01-21 18:00:00,2216.34,14.19,53.47,0.21,14.78,225.53,335.58,14.82,18,2023-01-21,Saturday,381.2,285.6,66.8,18.5,3.7,0.2,102.7,381.2,pm2_5,Very Poor
2023-01-21 19:00:00,1762.39,6.15,45.93,1.26,11.44,221.21,292.12,7.47,19,2023-01-21,Saturday,377.9,242.1,57.4,14.3,1.9,1.3,88.1,377.9,pm2_5,Very Poor
2023-01-21 20:00:00,1575.47,1.48,40.78,5.01,9.89,238.7,285.85,5.13,20,2023-01-21,Saturday,391.3,235.9,51.0,12.4,1.3,5.0,78.8,391.3,pm2_5,Very Poor
2023-01-21 21:00:00,1495.36,0.16,34.96,15.91,7.75,251.97,285.62,4.43,21,2023-01-21,Saturday,400.8,235.6,43.7,9.7,1.1,15.9,74.8,400.8,pm2_5,Severe
2023-01-21 22:00:00,1388.55,0.0,27.08,35.41,6.02,241.21,265.56,4.43,22,2023-01-21,Saturday,393.2,215.6,33.8,7.5,1.1,35.4,69.4,393.2,pm2_5,Very Poor
2023-01-21 23:00:00,1321.79,0.0,22.96,39.7,5.25,223.43,245.23,4.24,23,2023-01-21,Saturday,379.6,196.8,28.7,6.6,1.1,39.7,66.1,379.6,pm2_5,Very Poor
2023-01-22 00:00:00,1268.39,0.01,21.42,37.19,5.84,204.45,226.03,4.31,0,2023-01-22,Sunday,365.0,184.0,26.8,7.3,1.1,37.2,63.4,365.0,pm2_5,Very Poor
2023-01-22 01:00:00,1241.68,0.04,22.62,30.04,7.75,187.79,213.1,4.81,1,2023-01-22,Sunday,352.1,175.4,28.3,9.7,1.2,30.0,62.1,352.1,pm2_5,Very Poor
2023-01-22 02:00:00,1361.85,0.65,30.16,15.02,11.56,180.53,218.43,5.76,2,2023-01-22,Sunday,346.6,179.0,37.7,14.5,1.4,15.0,68.1,346.6,pm2_5,Very Poor
2023-01-22 03:00:00,1535.42,5.92,34.27,3.13,15.26,177.12,228.08,6.33,3,2023-01-22,Sunday,343.9,185.4,42.8,19.1,1.6,3.1,76.8,343.9,pm2_5,Very Poor
2023-01-22 04:00:00,1668.93,14.98,29.47,4.87,18.36,175.86,237.56,6.84,4,2023-01-22,Sunday,343.0,191.7,36.8,22.9,1.7,4.9,83.4,343.0,pm2_5,Very Poor
2023-01-22 05:00:00,1615.52,16.99,25.36,13.05,20.74,168.41,235.71,8.49,5,2023-01-22,Sunday,337.2,190.5,31.7,25.9,2.1,13.1,80.8,337.2,pm2_5,Very Poor
2023-01-22 06:00:00,1441.96,13.3,23.31,28.97,22.89,160.21,227.53,10.64,6,2023-01-22,Sunday,330.9,185.0,29.1,28.6,2.7,29.0,72.1,330.9,pm2_5,Very Poor
2023-01-22 07:00:00,821.11,4.75,18.85,82.25,53.41,126.96,159.93,2.98,7,2023-01-22,Sunday,305.4,140.0,23.6,66.8,0.7,82.2,41.1,305.4,pm2_5,Very Poor
2023-01-22 08:00:00,754.36,3.55,17.31,97.28,57.22,130.49,158.34,3.52,8,2023-01-22,Sunday,308.1,138.9,21.6,71.5,0.9,97.3,37.7,308.1,pm2_5,Very Poor
2023-01-22 09:00:00,794.41,2.52,15.94,107.29,53.88,141.49,166.76,5.26,9,2023-01-22,Sunday,316.5,144.5,19.9,67.3,1.3,110.7,39.7,316.5,pm2_5,Very Poor
2023-01-22 10:00:00,1161.58,3.8,25.36,80.11,39.58,162.46,200.98,11.27,10,2023-01-22,Sunday,332.7,167.3,31.7,49.5,2.8,80.1,58.1,332.7,pm2_5,Very Poor
2023-01-22 11:00:00,1602.17,5.7,41.47,41.49,28.61,182.41,240.48,17.73,11,2023-01-22,Sunday,348.0,193.7,51.8,35.8,4.4,41.5,80.1,348.0,pm2_5,Very Poor
2023-01-22 12:00:00,1976.01,8.94,58.26,9.21,25.99,189.31,265.09,25.08,12,2023-01-22,Sunday,353.3,215.1,72.8,32.5,6.3,9.2,98.8,353.3,pm2_5,Very Poor
2023-01-22 13:00:00,2136.23,18.77,56.89,0.14,26.23,191.01,283.58,33.95,13,2023-01-22,Sunday,354.6,233.6,71.1,32.8,8.5,0.1,101.7,354.6,pm2_5,Very Poor
2023-01-22 14:00:00,2056.12,21.23,50.04,0.04,23.13,189.03,292.8,36.48,14,2023-01-22,Sunday,353.1,242.8,62.5,28.9,9.1,0.0,100.7,353.1,pm2_5,Very Poor
2023-01-22 15:00:00,1895.91,16.76,47.3,0.17,19.31,180.73,283.58,34.96,15,2023-01-22,Sunday,346.7,233.6,59.1,24.1,8.7,0.2,94.8,346.7,pm2_5,Very Poor
2023-01-22 16:00:00,1602.17,5.31,47.98,2.06,15.74,161.37,246.54,31.16,16,2023-01-22,Sunday,331.8,197.7,60.0,19.7,7.8,2.1,80.1,331.8,pm2_5,Very Poor
2023-01-22 17:00:00,1508.71,2.38,44.55,4.25,13.95,154.25,231.99,26.6,17,2023-01-22,Sunday,326.3,188.0,55.7,17.4,6.7,4.2,75.4,326.3,pm2_5,Very Poor
2023-01-22 18:00:00,1401.9,1.4,40.44,5.99,10.97,147.54,213.17,20.52,18,2023-01-22,Sunday,321.2,175.4,50.5,13.7,5.1,6.0,70.1,321.2,pm2_5,Very Poor
2023-01-22 19:00:00,1281.74,0.68,36.67,8.58,9.06,142.38,189.85,15.58,19,2023-01-22,Sunday,317.2,159.9,45.8,11.3,3.9,8.6,64.1,317.2,pm2_5,Very Poor
2023-01-22 20:00:00,1255.04,0.33,33.93,11.98,10.13,145.05,183.21,15.33,20,2023-01-22,Sunday,319.3,155.5,42.4,12.7,3.8,12.0,62.8,319.3,pm2_5,Very Poor
2023-01-22 21:00:00,1201.63,0.09,30.16,18.6,11.68,144.72,175.91,16.09,21,2023-01-22,Sunday,319.0,150.6,37.7,14.6,4.0,18.6,60.1,319.0,pm2_5,Very Poor
2023-01-22 22:00:00,1094.82,0.02,26.73,27.18,15.26,136.25,161.43,16.09,22,2023-01-22,Sunday,312.5,141.0,33.4,19.1,4.0,27.2,54.7,312.5,pm2_5,Very Poor
2023-01-22 23:00:00,1041.41,0.03,26.39,25.39,17.17,130.82,153.69,16.72,23,2023-01-22,Sunday,308.3,135.8,33.0,21.5,4.2,25.4,52.1,308.3,pm2_5,Very Poor
2023-01-23 00:00:00,1054.76,0.08,29.13,20.03,18.12,128.92,152.01,17.73,0,2023-01-23,Monday,306.9,134.7,36.4,22.7,4.4,20.0,52.7,306.9,pm2_5,Very Poor
2023-01-23 01:00:00,1121.52,0.33,33.24,15.02,20.03,130.29,158.47,18.24,1,2023-01-23,Monday,307.9,139.0,41.6,25.0,4.6,15.0,56.1,307.9,pm2_5,Very Poor
2023-01-23 02:00:00,1321.79,1.87,40.44,6.88,22.89,138.75,181.56,17.99,2,2023-01-23,Monday,314.4,154.4,50.5,28.6,4.5,6.9,66.1,314.4,pm2_5,Very Poor
2023-01-23 03:00:00,1508.71,8.61,40.78,4.16,24.08,146.53,204.21,16.21,3,2023-01-23,Monday,320.4,169.5,51.0,30.1,4.1,4.2,75.4,320.4,pm2_5,Very Poor
2023-01-23 04:00:00,1615.52,16.99,31.87,13.59,25.03,152.33,222.57,15.71,4,2023-01-23,Monday,324.9,181.7,39.8,31.3,3.9,13.6,80.8,324.9,pm2_5,Very Poor
2023-01-23 05:00:00,1615.52,17.21,29.47,24.68,26.23,156.13,235.69,18.24,5,2023-01-23,Monday,327.8,190.5,36.8,32.8,4.6,24.7,80.8,327.8,pm2_5,Very Poor
2023-01-23 06:00:00,1548.77,12.63,30.5,45.78,28.37,159.73,240.23,19.0,6,2023-01-23,Monday,330.6,193.5,38.1,35.5,4.8,45.8,77.4,330.6,pm2_5,Very Poor
2023-01-23 07:00:00,1014.71,5.7,26.05,95.84,41.01,118.2,162.03,11.27,7,2023-01-23,Monday,294.0,141.4,32.6,51.3,2.8,95.8,50.7,294.0,pm2_5,Poor
2023-01-23 08:00:00,907.9,3.97,23.31,123.02,42.44,114.0,150.88,10.64,8,2023-01-23,Monday,280.0,133.9,29.1,53.0,2.7,133.9,45.4,280.0,pm2_5,Poor
2023-01-23 09:00:00,847.82,2.79,21.25,143.05,42.92,113.64,147.28,10.89,9,2023-01-23,Monday,278.8,131.5,26.6,53.7,2.7,163.3,42.4,278.8,pm2_5,Poor
2023-01-23 10:00:00,1428.6,5.42,37.7,103.0,43.39,145.42,201.42,16.97,10,2023-01-23,Monday,319.6,167.6,47.1,54.2,4.2,104.4,71.4,319.6,pm2_5,Very Poor
2023-01-23 11:00:00,3044.13,18.55,78.14,38.62,63.9,243.39,339.94,30.15,11,2023-01-23,Monday,394.9,289.9,97.7,79.9,7.5,38.6,113.1,394.9,pm2_5,Very Poor
2023-01-23 12:00:00,6195.07,89.41,122.01,3.31,110.63,427.02,563.77,54.72,12,2023-01-23,Monday,470.8,478.7,142.0,110.2,13.7,3.3,152.4,478.7,pm10,Severe
2023-01-23 13:00:00,9719.85,212.79,149.43,0.02,164.03,637.92,813.99,88.16,13,2023-01-23,Monday,555.2,625.9,169.4,128.0,22.0,0.0,196.5,625.9,pm10,Severe
2023-01-23 14:00:00,12283.33,296.83,168.62,0.0,186.92,831.06,1050.13,108.42,14,2023-01-23,Monday,632.4,764.8,188.6,135.6,27.1,0.0,232.6,764.8,pm10,Severe
2023-01-23 15:00:00,12817.38,293.26,175.48,0.0,165.94,929.07,1172.44,101.33,15,2023-01-23,Monday,671.6,836.7,195.5,128.6,25.3,0.0,240.2,836.7,pm10,Severe
2023-01-23 16:00:00,11535.65,232.46,159.03,0.0,131.61,898.65,1134.58,83.09,16,2023-01-23,Monday,659.5,814.5,179.0,117.2,20.8,0.0,221.9,814.5,pm10,Severe
2023-01-23 17:00:00,10147.09,187.76,135.72,0.0,109.67,846.32,1078.5,74.98,17,2023-01-23,Monday,638.5,781.5,155.7,109.9,18.7,0.0,202.1,781.5,pm10,Severe
2023-01-23 18:00:00,8544.92,153.78,112.41,0.0,87.74,762.53,990.96,63.84,18,2023-01-23,Monday,605.0,730.0,132.4,102.6,16.0,0.0,181.8,730.0,pm10,Severe
2023-01-23 19:00:00,7049.56,126.96,93.22,0.0,64.85,657.49,848.57,45.6,19,2023-01-23,Monday,563.0,646.2,113.2,81.1,11.4,0.0,163.1,646.2,pm10,Severe
2023-01-23 20:00:00,6301.88,109.97,82.25,0.0,49.11,600.46,746.77,29.64,20,2023-01-23,Monday,540.2,586.3,102.2,61.4,7.4,0.0,153.8,586.3,pm10,Severe
2023-01-23 21:00:00,5607.61,85.83,81.57,0.0,43.87,562.3,670.39,17.48,21,2023-01-23,Monday,524.9,541.4,101.6,54.8,4.4,0.0,145.1,541.4,pm10,Severe
2023-01-23 22:00:00,4432.68,50.52,82.25,0.0,41.49,491.73,568.12,8.23,22,2023-01-23,Monday,496.7,481.2,102.2,51.9,2.1,0.0,130.4,496.7,pm2_5,Severe
2023-01-23 23:00:00,3524.78,29.06,73.34,0.01,34.33,437.25,502.38,5.64,23,2023-01-23,Monday,474.9,442.6,91.7,42.9,1.4,0.0,119.1,474.9,pm2_5,Severe
2023-01-24 00:00:00,2964.02,21.68,58.26,0.03,23.84,393.73,457.78,5.7,0,2023-01-24,Tuesday,457.5,416.3,72.8,29.8,1.4,0.0,112.1,457.5,pm2_5,Severe
2023-01-24 01:00:00,2269.75,8.61,51.41,0.91,22.89,323.11,385.18,5.57,1,2023-01-24,Tuesday,429.2,344.0,64.3,28.6,1.4,0.9,103.4,429.2,pm2_5,Severe
2023-01-24 02:00:00,2162.93,8.61,45.24,0.89,21.94,291.08,365.18,7.16,2,2023-01-24,Tuesday,416.4,319.0,56.6,27.4,1.8,0.9,102.0,416.4,pm2_5,Severe
2023-01-24 03:00:00,2136.23,8.16,43.87,4.74,23.37,269.92,344.91,6.9,3,2023-01-24,Tuesday,408.0,294.9,54.8,29.2,1.7,4.7,101.7,408.0,pm2_5,Severe
2023-01-24 04:00:00,1762.39,4.64,37.01,33.26,30.52,231.15,289.84,6.27,4,2023-01-24,Tuesday,385.5,239.8,46.3,38.1,1.6,33.3,88.1,385.5,pm2_5,Very Poor
2023-01-24 05:00:00,1735.69,6.82,34.96,46.49,34.33,225.08,280.52,9.12,5,2023-01-24,Tuesday,380.8,230.5,43.7,42.9,2.3,46.5,86.8,380.8,pm2_5,Very Poor
2023-01-24 06:00:00,1922.61,8.16,40.1,56.51,43.39,242.49,296.07,12.54,6,2023-01-24,Tuesday,394.2,246.1,50.1,54.2,3.1,56.5,96.1,394.2,pm2_5,Very Poor
2023-01-24 07:00:00,1361.85,9.05,52.78,71.53,100.14,165.67,191.82,7.47,7,2023-01-24,Tuesday,335.1,161.2,66.0,106.7,1.9,71.5,68.1,335.1,pm2_5,Very Poor
2023-01-24 08:00:00,1134.87,8.61,56.89,80.11,110.63,123.76,140.26,5.51,8,2023-01-24,Tuesday,302.9,126.8,71.1,110.2,1.4,80.1,56.7,302.9,pm2_5,Very Poor
